title,form_type,accepted_at,accession,cik,company_name,ticker,primary_document,archive_base_url,source_url,amendment_flag,xml_url,sha256,status,parsed_records
4 - Oasis Investments II Master Fund Ltd. (0001530803) (Reporting),4,2026-04-25 01:35:59,0000902664-26-002148,0001530803,4 - Oasis Investments II Master Fund Ltd. (0001530803) (Reporting),,,https://www.sec.gov/Archives/edgar/data/1530803/000090266426002148,https://www.sec.gov/Archives/edgar/data/1530803/000090266426002148/0000902664-26-002148-index.htm,False,https://www.sec.gov/Archives/edgar/data/1530803/000090266426002148/ownership.xml,0b36a12232acda51db4279dd59603c9dc0875407d60c5849497b085d73d115a2,parsed,0
4 - Langlais Kerri M. (0001877257) (Reporting),4,2026-04-25 01:35:45,0001083301-26-000074,0001877257,4 - Langlais Kerri M. (0001877257) (Reporting),,,https://www.sec.gov/Archives/edgar/data/1877257/000108330126000074,https://www.sec.gov/Archives/edgar/data/1877257/000108330126000074/0001083301-26-000074-index.htm,False,https://www.sec.gov/Archives/edgar/data/1877257/000108330126000074/wk-form4_1777080942.xml,67e6573151f1edd1fde4f9fba7b1b7100faaf81a142b60a81d56af2615e6fa22,parsed,0
4 - Prager Paul B. (0001877255) (Reporting),4,2026-04-25 01:35:19,0001083301-26-000073,0001877255,4 - Prager Paul B. (0001877255) (Reporting),,,https://www.sec.gov/Archives/edgar/data/1877255/000108330126000073,https://www.sec.gov/Archives/edgar/data/1877255/000108330126000073/0001083301-26-000073-index.htm,False,https://www.sec.gov/Archives/edgar/data/1877255/000108330126000073/wk-form4_1777080916.xml,f2c743be04cc57cb8c6b25473c2fb8aad370a6289293cb2bfed24fa4cfed8453,parsed,0
4 - Fleury Patrick (0001652256) (Reporting),4,2026-04-25 01:34:57,0001083301-26-000072,0001652256,4 - Fleury Patrick (0001652256) (Reporting),,,https://www.sec.gov/Archives/edgar/data/1652256/000108330126000072,https://www.sec.gov/Archives/edgar/data/1652256/000108330126000072/0001083301-26-000072-index.htm,False,https://www.sec.gov/Archives/edgar/data/1652256/000108330126000072/wk-form4_1777080895.xml,1384f715b0988e95f14f118f960ee4a6401b93ab74490f3f9bce5110f1a4fbe0,parsed,0
4 - Khan Nazar M. (0001877476) (Reporting),4,2026-04-25 01:34:34,0001083301-26-000071,0001877476,4 - Khan Nazar M. (0001877476) (Reporting),,,https://www.sec.gov/Archives/edgar/data/1877476/000108330126000071,https://www.sec.gov/Archives/edgar/data/1877476/000108330126000071/0001083301-26-000071-index.htm,False,https://www.sec.gov/Archives/edgar/data/1877476/000108330126000071/wk-form4_1777080871.xml,edf6f203d661698b858771bf1bcff1aeb206489a6f4718cf5e6923178b463860,parsed,0
4 - Cho Jun (0001393033) (Reporting),4,2026-04-25 01:30:24,0001104659-26-048803,0001393033,4 - Cho Jun (0001393033) (Reporting),,,https://www.sec.gov/Archives/edgar/data/1393033/000110465926048803,https://www.sec.gov/Archives/edgar/data/1393033/000110465926048803/0001104659-26-048803-index.htm,False,https://www.sec.gov/Archives/edgar/data/1393033/000110465926048803/tm2612522-2_4seq1.xml,27cf22eab6ba2768be3c8172238075f9ccb2b44bd65ff058ac0e837b2acc5807,parsed,0
4 - NETLIST INC (0001282631) (Issuer),4,2026-04-25 01:30:08,0001104659-26-048802,0001282631,4 - NETLIST INC (0001282631) (Issuer),,,https://www.sec.gov/Archives/edgar/data/1282631/000110465926048802,https://www.sec.gov/Archives/edgar/data/1282631/000110465926048802/0001104659-26-048802-index.htm,False,https://www.sec.gov/Archives/edgar/data/1282631/000110465926048802/tm2612522-1_4seq1.xml,cc9e4c086e220b557bfafeba0521a18c90e91dbfb4b37e63469be2338151cc4d,parsed,0
4 - Prentiss Christopher B (0001717583) (Reporting),4,2026-04-25 01:30:06,0001193125-26-178298,0001717583,4 - Prentiss Christopher B (0001717583) (Reporting),,,https://www.sec.gov/Archives/edgar/data/1717583/000119312526178298,https://www.sec.gov/Archives/edgar/data/1717583/000119312526178298/0001193125-26-178298-index.htm,False,https://www.sec.gov/Archives/edgar/data/1717583/000119312526178298/ownership.xml,3803479f3c03afe139a2a15aabafcfa6de7b11e2616c2b9af2035d4c53f577e0,parsed,0
4 - Grow Brian (0001759142) (Reporting),4,2026-04-25 01:29:49,0002064832-26-000183,0001759142,4 - Grow Brian (0001759142) (Reporting),,,https://www.sec.gov/Archives/edgar/data/1759142/000206483226000183,https://www.sec.gov/Archives/edgar/data/1759142/000206483226000183/0002064832-26-000183-index.htm,False,https://www.sec.gov/Archives/edgar/data/1759142/000206483226000183/form4.xml,9e42d2956c6316cbaa54ddc9a4938800fd8a51c1ec1f66bd73a0c84aa484757e,parsed,0
4 - Abrahamsen Danielle Nicole (0002110638) (Reporting),4,2026-04-25 01:17:59,0002110638-26-000006,0002110638,4 - Abrahamsen Danielle Nicole (0002110638) (Reporting),,,https://www.sec.gov/Archives/edgar/data/2110638/000211063826000006,https://www.sec.gov/Archives/edgar/data/2110638/000211063826000006/0002110638-26-000006-index.htm,False,https://www.sec.gov/Archives/edgar/data/2110638/000211063826000006/wk-form4_1777079877.xml,89317efcbe0e449400b0883df6a196c33213e39d6ea3ca1769bafeddb3676395,parsed,0
4 - Merrill Gary (0001560814) (Reporting),4,2026-04-25 01:17:55,0001560814-26-000006,0001560814,4 - Merrill Gary (0001560814) (Reporting),,,https://www.sec.gov/Archives/edgar/data/1560814/000156081426000006,https://www.sec.gov/Archives/edgar/data/1560814/000156081426000006/0001560814-26-000006-index.htm,False,https://www.sec.gov/Archives/edgar/data/1560814/000156081426000006/wk-form4_1777079872.xml,3f1c85faa631aa53a6319f512d6237dbd76ea7f016275a933a30612eb4deab2c,parsed,0
4 - Mirchandani Sanjay (0001765820) (Reporting),4,2026-04-25 01:17:50,0001765820-26-000006,0001765820,4 - Mirchandani Sanjay (0001765820) (Reporting),,,https://www.sec.gov/Archives/edgar/data/1765820/000176582026000006,https://www.sec.gov/Archives/edgar/data/1765820/000176582026000006/0001765820-26-000006-index.htm,False,https://www.sec.gov/Archives/edgar/data/1765820/000176582026000006/wk-form4_1777079868.xml,a3988e11950e9999a8452c2174ca6ec8e74a1b3b16adf8d774645c8256f282e2,parsed,0
4 - Kaushal Nitin (0001782072) (Reporting),4,2026-04-25 01:12:09,0001782072-26-000001,0001782072,4 - Kaushal Nitin (0001782072) (Reporting),,,https://www.sec.gov/Archives/edgar/data/1782072/000178207226000001,https://www.sec.gov/Archives/edgar/data/1782072/000178207226000001/0001782072-26-000001-index.htm,False,https://www.sec.gov/Archives/edgar/data/1782072/000178207226000001/primary_doc.xml,cf1ee853691a1e6e6a9fd49cc8856647012eb9c61bad4d1ea63f3ba8468ddb3a,parsed,0
4 - Navios Maritime Partners L.P. (0001415921) (Issuer),4,2026-04-25 01:10:03,0001193125-26-178241,0001415921,4 - Navios Maritime Partners L.P. (0001415921) (Issuer),,,https://www.sec.gov/Archives/edgar/data/1415921/000119312526178241,https://www.sec.gov/Archives/edgar/data/1415921/000119312526178241/0001193125-26-178241-index.htm,False,https://www.sec.gov/Archives/edgar/data/1415921/000119312526178241/ownership.xml,a784b8a35394ae50a34b47925b031ee977b51fa017a014b858e557c8ccbee1ab,parsed,3
4 - Kohn Bernhard L III (0001844121) (Reporting),4,2026-04-25 01:05:55,0001628280-26-027289,0001844121,4 - Kohn Bernhard L III (0001844121) (Reporting),,,https://www.sec.gov/Archives/edgar/data/1844121/000162828026027289,https://www.sec.gov/Archives/edgar/data/1844121/000162828026027289/0001628280-26-027289-index.htm,False,https://www.sec.gov/Archives/edgar/data/1844121/000162828026027289/wk-form4_1777079151.xml,151a3498f760cc13d48df471493a79594ede149e08d1bd8a98597c740c107c23,parsed,0
"4 - Playboy, Inc. (0001803914) (Issuer)",4,2026-04-25 01:05:48,0001628280-26-027288,0001803914,"4 - Playboy, Inc. (0001803914) (Issuer)",,,https://www.sec.gov/Archives/edgar/data/1803914/000162828026027288,https://www.sec.gov/Archives/edgar/data/1803914/000162828026027288/0001628280-26-027288-index.htm,False,https://www.sec.gov/Archives/edgar/data/1803914/000162828026027288/wk-form4_1777079146.xml,decf64ccc93efb48e6888ce97aebad7903eaf95dca28d33b23fb391a6bbbdb97,parsed,0
4 - Cross Shawn (0001734779) (Reporting),4,2026-04-25 00:41:26,0001628280-26-027287,0001734779,4 - Cross Shawn (0001734779) (Reporting),,,https://www.sec.gov/Archives/edgar/data/1734779/000162828026027287,https://www.sec.gov/Archives/edgar/data/1734779/000162828026027287/0001628280-26-027287-index.htm,False,https://www.sec.gov/Archives/edgar/data/1734779/000162828026027287/wk-form4_1777077683.xml,bbd9c58185b60df594e546819445ec9a2e2a440897f494a42ac59a4caba4ccb4,parsed,0
4 - Nextpower Inc. (0001852131) (Issuer),4,2026-04-25 00:24:27,0000950103-26-006188,0001852131,4 - Nextpower Inc. (0001852131) (Issuer),,,https://www.sec.gov/Archives/edgar/data/1852131/000095010326006188,https://www.sec.gov/Archives/edgar/data/1852131/000095010326006188/0000950103-26-006188-index.htm,False,https://www.sec.gov/Archives/edgar/data/1852131/000095010326006188/ownership.xml,032cb6d4cd691abd110a7ef4caf85fbec6c25b884fda1a7aeb01a486d15a6efd,parsed,0
4 - Nextpower Inc. (0001852131) (Issuer),4,2026-04-25 00:24:06,0000950103-26-006187,0001852131,4 - Nextpower Inc. (0001852131) (Issuer),,,https://www.sec.gov/Archives/edgar/data/1852131/000095010326006187,https://www.sec.gov/Archives/edgar/data/1852131/000095010326006187/0000950103-26-006187-index.htm,False,https://www.sec.gov/Archives/edgar/data/1852131/000095010326006187/ownership.xml,cd172356570dcc1dff25ae804487e109e0a36e88e8b57e47b459e8f1dfa23fce,parsed,0
4 - Miller Nicholas Marco (0001962163) (Reporting),4,2026-04-25 00:19:20,0000950103-26-006186,0001962163,4 - Miller Nicholas Marco (0001962163) (Reporting),,,https://www.sec.gov/Archives/edgar/data/1962163/000095010326006186,https://www.sec.gov/Archives/edgar/data/1962163/000095010326006186/0000950103-26-006186-index.htm,False,https://www.sec.gov/Archives/edgar/data/1962163/000095010326006186/ownership.xml,b517bcc59d490fe5923507fda29614790bffb55a63f16088133f8acb38751763,parsed,0
4 - Thawley Michael (0001945821) (Reporting),4,2026-04-25 00:16:19,0001945821-26-000002,0001945821,4 - Thawley Michael (0001945821) (Reporting),,,https://www.sec.gov/Archives/edgar/data/1945821/000194582126000002,https://www.sec.gov/Archives/edgar/data/1945821/000194582126000002/0001945821-26-000002-index.htm,False,https://www.sec.gov/Archives/edgar/data/1945821/000194582126000002/form4-04252026_120414.xml,c484ed6312be582f57c42c97bf524062af7969c89c00a89ef24ad43676c47c90,parsed,1
4 - Nextpower Inc. (0001852131) (Issuer),4,2026-04-25 00:15:29,0000950103-26-006185,0001852131,4 - Nextpower Inc. (0001852131) (Issuer),,,https://www.sec.gov/Archives/edgar/data/1852131/000095010326006185,https://www.sec.gov/Archives/edgar/data/1852131/000095010326006185/0000950103-26-006185-index.htm,False,https://www.sec.gov/Archives/edgar/data/1852131/000095010326006185/ownership.xml,736012c008465f942228613f88b0277458c546c66f85905afc4e922836c93a94,parsed,0
4 - Slocum William J (0001859730) (Reporting),4,2026-04-25 00:15:19,0001859730-26-000002,0001859730,4 - Slocum William J (0001859730) (Reporting),,,https://www.sec.gov/Archives/edgar/data/1859730/000185973026000002,https://www.sec.gov/Archives/edgar/data/1859730/000185973026000002/0001859730-26-000002-index.htm,False,https://www.sec.gov/Archives/edgar/data/1859730/000185973026000002/form4-04242026_080415.xml,4702cf02d1c69ee02de5e78e6a63dc133f31ddeb1c7aec64209fb8a4d826c835,parsed,0
4 - WAITE G THOMAS III (0001256125) (Reporting),4,2026-04-25 00:15:18,0001256125-26-000002,0001256125,4 - WAITE G THOMAS III (0001256125) (Reporting),,,https://www.sec.gov/Archives/edgar/data/1256125/000125612526000002,https://www.sec.gov/Archives/edgar/data/1256125/000125612526000002/0001256125-26-000002-index.htm,False,https://www.sec.gov/Archives/edgar/data/1256125/000125612526000002/form4-04252026_120413.xml,a851eb8bf3d076cf14b4c45d3b46ff6a2e93b364abef6c11a2d5fc9f850b8d38,parsed,0
4 - Sasse Benjamin E (0002017287) (Reporting),4,2026-04-25 00:15:17,0002017287-26-000003,0002017287,4 - Sasse Benjamin E (0002017287) (Reporting),,,https://www.sec.gov/Archives/edgar/data/2017287/000201728726000003,https://www.sec.gov/Archives/edgar/data/2017287/000201728726000003/0002017287-26-000003-index.htm,False,https://www.sec.gov/Archives/edgar/data/2017287/000201728726000003/form4-04242026_080413.xml,ff37228f08bd87a60fc74172f36b3a9fc8287568c9310071d69c80cb0fd41ae3,parsed,0
4 - McRobbie Michael A. (0001877756) (Reporting),4,2026-04-25 00:15:15,0001877756-26-000002,0001877756,4 - McRobbie Michael A. (0001877756) (Reporting),,,https://www.sec.gov/Archives/edgar/data/1877756/000187775626000002,https://www.sec.gov/Archives/edgar/data/1877756/000187775626000002/0001877756-26-000002-index.htm,False,https://www.sec.gov/Archives/edgar/data/1877756/000187775626000002/form4-04242026_080411.xml,c35ab86f4e9c05450490ce0d32403708b1e0ceef184b79e311c1b5b823e37280,parsed,0
4 - GRUSKY ROBERT R (0001256116) (Reporting),4,2026-04-25 00:15:13,0001256116-26-000003,0001256116,4 - GRUSKY ROBERT R (0001256116) (Reporting),,,https://www.sec.gov/Archives/edgar/data/1256116/000125611626000003,https://www.sec.gov/Archives/edgar/data/1256116/000125611626000003/0001256116-26-000003-index.htm,False,https://www.sec.gov/Archives/edgar/data/1256116/000125611626000003/form4-04242026_080409.xml,c277ab048fa4f807d93700ef5ded3ecaa8d3a470ec884025c06afac13e3ff1ec,parsed,0
4 - DINH VIET D (0001306819) (Reporting),4,2026-04-25 00:15:11,0001306819-26-000002,0001306819,4 - DINH VIET D (0001306819) (Reporting),,,https://www.sec.gov/Archives/edgar/data/1306819/000130681926000002,https://www.sec.gov/Archives/edgar/data/1306819/000130681926000002/0001306819-26-000002-index.htm,False,https://www.sec.gov/Archives/edgar/data/1306819/000130681926000002/form4-04242026_080407.xml,8602346d599dc56e54dbf665141bbec1fd440d9551806f0a211b717d7ed64abe,parsed,0
4 - Cappelli Gregory William (0001396055) (Reporting),4,2026-04-25 00:15:09,0001396055-26-000002,0001396055,4 - Cappelli Gregory William (0001396055) (Reporting),,,https://www.sec.gov/Archives/edgar/data/1396055/000139605526000002,https://www.sec.gov/Archives/edgar/data/1396055/000139605526000002/0001396055-26-000002-index.htm,False,https://www.sec.gov/Archives/edgar/data/1396055/000139605526000002/form4-04242026_080405.xml,d2e130d3ba9cfefcbdda93210de20d4d53cd364d6c19745546662f3523a251b9,parsed,0
4 - BROGLEY RITA D (0001623816) (Reporting),4,2026-04-25 00:15:07,0001623816-26-000002,0001623816,4 - BROGLEY RITA D (0001623816) (Reporting),,,https://www.sec.gov/Archives/edgar/data/1623816/000162381626000002,https://www.sec.gov/Archives/edgar/data/1623816/000162381626000002/0001623816-26-000002-index.htm,False,https://www.sec.gov/Archives/edgar/data/1623816/000162381626000002/form4-04242026_080403.xml,948469a1a9fa7718e615389bf04ff8056c093597fe216b05a64ddd927185d7da,parsed,0
4 - BEASON CHARLOTTE F (0001256111) (Reporting),4,2026-04-25 00:15:06,0001256111-26-000002,0001256111,4 - BEASON CHARLOTTE F (0001256111) (Reporting),,,https://www.sec.gov/Archives/edgar/data/1256111/000125611126000002,https://www.sec.gov/Archives/edgar/data/1256111/000125611126000002/0001256111-26-000002-index.htm,False,https://www.sec.gov/Archives/edgar/data/1256111/000125611126000002/form4-04242026_080401.xml,8d8a0d8acaa03fce956e274f4b9446e0859186370f5f509b9ae0ed551996d1a6,parsed,0
4 - Elsztain Alejandro Gustavo (0002119764) (Reporting),4,2026-04-25 00:10:09,0002119764-26-000002,0002119764,4 - Elsztain Alejandro Gustavo (0002119764) (Reporting),,,https://www.sec.gov/Archives/edgar/data/2119764/000211976426000002,https://www.sec.gov/Archives/edgar/data/2119764/000211976426000002/0002119764-26-000002-index.htm,False,https://www.sec.gov/Archives/edgar/data/2119764/000211976426000002/primary_doc.xml,b01c2133ce5e1390bd8cdfa60f1b90d77ecfca28d7b39c21e86500c46175d4cc,parsed,3
4 - Snyderman David J. (0001953511) (Reporting),4,2026-04-25 00:08:04,0001104659-26-048790,0001953511,4 - Snyderman David J. (0001953511) (Reporting),,,https://www.sec.gov/Archives/edgar/data/1953511/000110465926048790,https://www.sec.gov/Archives/edgar/data/1953511/000110465926048790/0001104659-26-048790-index.htm,False,https://www.sec.gov/Archives/edgar/data/1953511/000110465926048790/tm2612638-6_4seq1.xml,926d8bfc413007434aaca8eea4106c15ad3edc4fe279707acf0536034c3f38cc,parsed,0
4 - Nextpower Inc. (0001852131) (Issuer),4,2026-04-25 00:06:44,0000950103-26-006183,0001852131,4 - Nextpower Inc. (0001852131) (Issuer),,,https://www.sec.gov/Archives/edgar/data/1852131/000095010326006183,https://www.sec.gov/Archives/edgar/data/1852131/000095010326006183/0000950103-26-006183-index.htm,False,https://www.sec.gov/Archives/edgar/data/1852131/000095010326006183/ownership.xml,c3b840b6a7ccca71eda68cbdc5b8282996900f95d53c73c732b1aa4dfebb28ea,parsed,0
4 - Snyderman David J. (0001953511) (Reporting),4,2026-04-25 00:06:03,0001104659-26-048789,0001953511,4 - Snyderman David J. (0001953511) (Reporting),,,https://www.sec.gov/Archives/edgar/data/1953511/000110465926048789,https://www.sec.gov/Archives/edgar/data/1953511/000110465926048789/0001104659-26-048789-index.htm,False,https://www.sec.gov/Archives/edgar/data/1953511/000110465926048789/tm2612638-5_4seq1.xml,eda0a2e48d2cb5306bbc88b81b77f43d1d77e2b31330b4b685ac5a24ef8c26bd,parsed,0
4 - Snyderman David J. (0001953511) (Reporting),4,2026-04-25 00:04:27,0001104659-26-048788,0001953511,4 - Snyderman David J. (0001953511) (Reporting),,,https://www.sec.gov/Archives/edgar/data/1953511/000110465926048788,https://www.sec.gov/Archives/edgar/data/1953511/000110465926048788/0001104659-26-048788-index.htm,False,https://www.sec.gov/Archives/edgar/data/1953511/000110465926048788/tm2612638-4_4seq1.xml,2dd57c6378e9d704f76b3ae76bb40a983fd3bbdfb1600ecb18c2b73f160b0568,parsed,0
4 - Snyderman David J. (0001953511) (Reporting),4,2026-04-25 00:03:23,0001104659-26-048787,0001953511,4 - Snyderman David J. (0001953511) (Reporting),,,https://www.sec.gov/Archives/edgar/data/1953511/000110465926048787,https://www.sec.gov/Archives/edgar/data/1953511/000110465926048787/0001104659-26-048787-index.htm,False,https://www.sec.gov/Archives/edgar/data/1953511/000110465926048787/tm2612638-3_4seq1.xml,6019b891b157bdddfca71208f7085fc3eafbae034af32c0dca4d9e6bf144eb4e,parsed,0
4 - Snyderman David J. (0001953511) (Reporting),4,2026-04-25 00:02:25,0001104659-26-048786,0001953511,4 - Snyderman David J. (0001953511) (Reporting),,,https://www.sec.gov/Archives/edgar/data/1953511/000110465926048786,https://www.sec.gov/Archives/edgar/data/1953511/000110465926048786/0001104659-26-048786-index.htm,False,https://www.sec.gov/Archives/edgar/data/1953511/000110465926048786/tm2612638-2_4seq1.xml,69959ce732a4cb80bbed7ba1e14e04a49a9a9dc2577178b4614e6118dcc54c1b,parsed,0
4 - Basso Tracy (0002076534) (Reporting),4,2026-04-25 00:02:23,0001104659-26-048785,0002076534,4 - Basso Tracy (0002076534) (Reporting),,,https://www.sec.gov/Archives/edgar/data/2076534/000110465926048785,https://www.sec.gov/Archives/edgar/data/2076534/000110465926048785/0001104659-26-048785-index.htm,False,https://www.sec.gov/Archives/edgar/data/2076534/000110465926048785/tm2612423-3_4seq1.xml,66c32dc2fe94ceaba1713ff6afe342d6e8d7c73fb570ef56e53726f95d6e511c,parsed,0
4 - Snyderman David J. (0001953511) (Reporting),4,2026-04-25 00:01:26,0001104659-26-048784,0001953511,4 - Snyderman David J. (0001953511) (Reporting),,,https://www.sec.gov/Archives/edgar/data/1953511/000110465926048784,https://www.sec.gov/Archives/edgar/data/1953511/000110465926048784/0001104659-26-048784-index.htm,False,https://www.sec.gov/Archives/edgar/data/1953511/000110465926048784/tm2612638-1_4seq1.xml,698130397fd08d409775b632288c2d9d5079062c3cf9dff48fb4ce697b6a573e,parsed,0
4 - Stouch Cheryl Ann (0002077699) (Reporting),4,2026-04-25 00:00:45,0001104659-26-048782,0002077699,4 - Stouch Cheryl Ann (0002077699) (Reporting),,,https://www.sec.gov/Archives/edgar/data/2077699/000110465926048782,https://www.sec.gov/Archives/edgar/data/2077699/000110465926048782/0001104659-26-048782-index.htm,False,https://www.sec.gov/Archives/edgar/data/2077699/000110465926048782/tm2612423d2_4seq1.xml,13954d6d041bbd6fd0e29338e63c77387a89e22e6c9bb659323933434ca2b44f,parsed,0
4 - Williamson Susan Ann (0002076829) (Reporting),4,2026-04-25 00:00:13,0001104659-26-048781,0002076829,4 - Williamson Susan Ann (0002076829) (Reporting),,,https://www.sec.gov/Archives/edgar/data/2076829/000110465926048781,https://www.sec.gov/Archives/edgar/data/2076829/000110465926048781/0001104659-26-048781-index.htm,False,https://www.sec.gov/Archives/edgar/data/2076829/000110465926048781/tm2612423-1_4seq1.xml,86ca099eda987715e9d6455294304d28cae56a94431b2aea116768f77e0e8b58,parsed,0
4 - Kim Vyacheslav (0002029485) (Reporting),4,2026-04-24 23:56:51,0001213900-26-047670,0002029485,4 - Kim Vyacheslav (0002029485) (Reporting),,,https://www.sec.gov/Archives/edgar/data/2029485/000121390026047670,https://www.sec.gov/Archives/edgar/data/2029485/000121390026047670/0001213900-26-047670-index.htm,False,https://www.sec.gov/Archives/edgar/data/2029485/000121390026047670/ownership.xml,701f9ba187b051681ba4b50c0115d215f5eb5df7cc06998d133adbd581eea2c4,parsed,0
4 - Wahba Sadek (0002020905) (Reporting),4,2026-04-24 23:46:27,0000905148-26-001845,0002020905,4 - Wahba Sadek (0002020905) (Reporting),,,https://www.sec.gov/Archives/edgar/data/2020905/000090514826001845,https://www.sec.gov/Archives/edgar/data/2020905/000090514826001845/0000905148-26-001845-index.htm,False,https://www.sec.gov/Archives/edgar/data/2020905/000090514826001845/form4.xml,1f209fd1e0097731480afc6009a6361934851caebb7aaac0a3f49a8bbad8dd4e,parsed,0
4 - Belton Curtis (0001738156) (Reporting),4,2026-04-24 23:45:40,0000311094-26-000050,0001738156,4 - Belton Curtis (0001738156) (Reporting),,,https://www.sec.gov/Archives/edgar/data/1738156/000031109426000050,https://www.sec.gov/Archives/edgar/data/1738156/000031109426000050/0000311094-26-000050-index.htm,False,https://www.sec.gov/Archives/edgar/data/1738156/000031109426000050/form4.xml,495a53b12f2015b4e8912d2774b0adf618ad2f09f3283e389bc2ee2dab5462a7,parsed,0
4 - Lind Joseph (0001748786) (Reporting),4,2026-04-24 23:40:09,0000898432-26-000280,0001748786,4 - Lind Joseph (0001748786) (Reporting),,,https://www.sec.gov/Archives/edgar/data/1748786/000089843226000280,https://www.sec.gov/Archives/edgar/data/1748786/000089843226000280/0000898432-26-000280-index.htm,False,https://www.sec.gov/Archives/edgar/data/1748786/000089843226000280/form4.xml,c81fdbe08cf3924e19a2c518dddbe40e04d94a0ead87f4e95f75267cea1fec10,parsed,0
4 - FARAHI BOB (0000937326) (Reporting),4,2026-04-24 23:23:42,0000907242-26-000009,0000937326,4 - FARAHI BOB (0000937326) (Reporting),,,https://www.sec.gov/Archives/edgar/data/937326/000090724226000009,https://www.sec.gov/Archives/edgar/data/937326/000090724226000009/0000907242-26-000009-index.htm,False,https://www.sec.gov/Archives/edgar/data/937326/000090724226000009/primary_doc.xml,82593a55a1c9ed37eb123d8f3635e9d37c9036f38b05bc2aecdf3381cd0b7eeb,parsed,0
4 - Patel Rahul G. (0001785783) (Reporting),4,2026-04-24 23:16:18,0001785783-26-000008,0001785783,4 - Patel Rahul G. (0001785783) (Reporting),,,https://www.sec.gov/Archives/edgar/data/1785783/000178578326000008,https://www.sec.gov/Archives/edgar/data/1785783/000178578326000008/0001785783-26-000008-index.htm,False,https://www.sec.gov/Archives/edgar/data/1785783/000178578326000008/wk-form4_1777072576.xml,cc545c4530206126a03e1571fcbf7b43331742390221930e3f4113b5a3929070,parsed,0
4 - Bansi Pankaj (0002124966) (Reporting),4,2026-04-24 23:02:14,0001193125-26-178127,0002124966,4 - Bansi Pankaj (0002124966) (Reporting),,,https://www.sec.gov/Archives/edgar/data/2124966/000119312526178127,https://www.sec.gov/Archives/edgar/data/2124966/000119312526178127/0001193125-26-178127-index.htm,False,https://www.sec.gov/Archives/edgar/data/2124966/000119312526178127/ownership.xml,3cd09a998aabefcf39d34cfc553a098e3378a78d21e0379c2f843eca33a5034f,parsed,0
4 - Muchmore James J (0001951446) (Reporting),4,2026-04-24 23:00:02,0001683168-26-003208,0001951446,4 - Muchmore James J (0001951446) (Reporting),,,https://www.sec.gov/Archives/edgar/data/1951446/000168316826003208,https://www.sec.gov/Archives/edgar/data/1951446/000168316826003208/0001683168-26-003208-index.htm,False,https://www.sec.gov/Archives/edgar/data/1951446/000168316826003208/ownership.xml,b9670e1f72a85f58bfbba9f5072d4b25bdac75b9bb00006eff01acb01c8b0cb6,parsed,0
4 - Davis Samuel Carl (0002029915) (Reporting),4,2026-04-24 23:00:01,0001683168-26-003209,0002029915,4 - Davis Samuel Carl (0002029915) (Reporting),,,https://www.sec.gov/Archives/edgar/data/2029915/000168316826003209,https://www.sec.gov/Archives/edgar/data/2029915/000168316826003209/0001683168-26-003209-index.htm,False,https://www.sec.gov/Archives/edgar/data/2029915/000168316826003209/ownership.xml,ca413b1d83621f985ab7aef258eca4c0ff9b6852b066af19f92a0731a9491ab0,parsed,0
4 - MAERKER SALMON Denise (0002124081) (Reporting),4,2026-04-24 22:57:21,0000895345-26-000166,0002124081,4 - MAERKER SALMON Denise (0002124081) (Reporting),,,https://www.sec.gov/Archives/edgar/data/2124081/000089534526000166,https://www.sec.gov/Archives/edgar/data/2124081/000089534526000166/0000895345-26-000166-index.htm,False,https://www.sec.gov/Archives/edgar/data/2124081/000089534526000166/form4.xml,17cd9374e261e6d7f4a5f42ed4b83b2132cc6c5869a947d70ae8fe78fe3984c8,parsed,0
4 - Chambriard Magda Maria de Regina (0002119315) (Reporting),4,2026-04-24 22:52:51,0001292814-26-002529,0002119315,4 - Chambriard Magda Maria de Regina (0002119315) (Reporting),,,https://www.sec.gov/Archives/edgar/data/2119315/000129281426002529,https://www.sec.gov/Archives/edgar/data/2119315/000129281426002529/0001292814-26-002529-index.htm,False,https://www.sec.gov/Archives/edgar/data/2119315/000129281426002529/ownership.xml,bcd4deb9bffd3cda3d0602a90598e757d026c100a59c17f3a30ffd571e804549,parsed,0
4 - Da Silva William Franca (0002114036) (Reporting),4,2026-04-24 22:50:57,0001292814-26-002527,0002114036,4 - Da Silva William Franca (0002114036) (Reporting),,,https://www.sec.gov/Archives/edgar/data/2114036/000129281426002527,https://www.sec.gov/Archives/edgar/data/2114036/000129281426002527/0001292814-26-002527-index.htm,False,https://www.sec.gov/Archives/edgar/data/2114036/000129281426002527/ownership.xml,51ce2596dcad2efa5757a832feea1307f0af80bb2eb56b4e9994e9e8610fc793,parsed,0
4 - Parkinson Christopher Iain (0002086540) (Reporting),4,2026-04-24 22:49:53,0001104659-26-048768,0002086540,4 - Parkinson Christopher Iain (0002086540) (Reporting),,,https://www.sec.gov/Archives/edgar/data/2086540/000110465926048768,https://www.sec.gov/Archives/edgar/data/2086540/000110465926048768/0001104659-26-048768-index.htm,False,https://www.sec.gov/Archives/edgar/data/2086540/000110465926048768/tm2612747-1_4seq1.xml,e241ed1001699d15998cd1f72035da7e26bfa497f439e59723fb8d2347e981eb,parsed,0
4 - Melgarejo Fernando Sabbi (0002119592) (Reporting),4,2026-04-24 22:48:54,0001292814-26-002525,0002119592,4 - Melgarejo Fernando Sabbi (0002119592) (Reporting),,,https://www.sec.gov/Archives/edgar/data/2119592/000129281426002525,https://www.sec.gov/Archives/edgar/data/2119592/000129281426002525/0001292814-26-002525-index.htm,False,https://www.sec.gov/Archives/edgar/data/2119592/000129281426002525/ownership.xml,31fe3e5b4ddb8179617d8ce300bc04696cc12a2b1586f0fbe40e668d665800fa,parsed,0
4 - Lopes Renata Faria Rodrigues Baruzzi (0002114002) (Reporting),4,2026-04-24 22:46:53,0001292814-26-002523,0002114002,4 - Lopes Renata Faria Rodrigues Baruzzi (0002114002) (Reporting),,,https://www.sec.gov/Archives/edgar/data/2114002/000129281426002523,https://www.sec.gov/Archives/edgar/data/2114002/000129281426002523/0001292814-26-002523-index.htm,False,https://www.sec.gov/Archives/edgar/data/2114002/000129281426002523/ownership.xml,d223e59d5e200a3336d5394085a153417d472bb0b98bfdce8172cceec1a83862,parsed,0
4 - Apel Daniel Joseph (0002081169) (Reporting),4,2026-04-24 22:44:42,0000879407-26-000039,0002081169,4 - Apel Daniel Joseph (0002081169) (Reporting),,,https://www.sec.gov/Archives/edgar/data/2081169/000087940726000039,https://www.sec.gov/Archives/edgar/data/2081169/000087940726000039/0000879407-26-000039-index.htm,False,https://www.sec.gov/Archives/edgar/data/2081169/000087940726000039/wk-form4_1777070680.xml,19ce9769d45006912c222ff01f62e39a5200b2006842fb40645bd815fab5d61b,parsed,0
4 - Dos Anjos Sylvia Maria Couto (0002113912) (Reporting),4,2026-04-24 22:44:35,0001292814-26-002521,0002113912,4 - Dos Anjos Sylvia Maria Couto (0002113912) (Reporting),,,https://www.sec.gov/Archives/edgar/data/2113912/000129281426002521,https://www.sec.gov/Archives/edgar/data/2113912/000129281426002521/0001292814-26-002521-index.htm,False,https://www.sec.gov/Archives/edgar/data/2113912/000129281426002521/ownership.xml,b4edd66bd4d15701b9a65e97efcfdacd70572c3faf57e2d97b3b7327fa23d637,parsed,0
4 - Coppetti Clarice (0002119054) (Reporting),4,2026-04-24 22:42:26,0001292814-26-002519,0002119054,4 - Coppetti Clarice (0002119054) (Reporting),,,https://www.sec.gov/Archives/edgar/data/2119054/000129281426002519,https://www.sec.gov/Archives/edgar/data/2119054/000129281426002519/0001292814-26-002519-index.htm,False,https://www.sec.gov/Archives/edgar/data/2119054/000129281426002519/ownership.xml,da568fd4c92f4e6ec3608edfe9e5db7e35a8a0e5cb95543be2225ab773e4467b,parsed,0
4 - Hamilton James C (0001830755) (Reporting),4,2026-04-24 22:38:34,0001830755-26-000007,0001830755,4 - Hamilton James C (0001830755) (Reporting),,,https://www.sec.gov/Archives/edgar/data/1830755/000183075526000007,https://www.sec.gov/Archives/edgar/data/1830755/000183075526000007/0001830755-26-000007-index.htm,False,https://www.sec.gov/Archives/edgar/data/1830755/000183075526000007/wk-form4_1777070312.xml,b12f88f784dec5c8d74a5f4b84be8c3b4441572244eb51cf32a51fd2f6d3f3c2,parsed,0
4/A - Macdonald Andrew (0002071761) (Reporting),4/A,2026-04-24 22:38:12,0002071761-26-000006,0002071761,4/A - Macdonald Andrew (0002071761) (Reporting),,,https://www.sec.gov/Archives/edgar/data/2071761/000207176126000006,https://www.sec.gov/Archives/edgar/data/2071761/000207176126000006/0002071761-26-000006-index.htm,True,https://www.sec.gov/Archives/edgar/data/2071761/000207176126000006/primarydocument.xml,007e9eb7c0d5e596e413e5f3b3e01276b14d1dad73a9f8b7ab03ea1fdde858e6,parsed,0
4 - Panagiotidis Petros Panagiotis (0002118775) (Reporting),4,2026-04-24 22:34:43,0001140361-26-016783,0002118775,4 - Panagiotidis Petros Panagiotis (0002118775) (Reporting),,,https://www.sec.gov/Archives/edgar/data/2118775/000114036126016783,https://www.sec.gov/Archives/edgar/data/2118775/000114036126016783/0001140361-26-016783-index.htm,False,https://www.sec.gov/Archives/edgar/data/2118775/000114036126016783/form4.xml,362f85ae18f598147d8ca068f4160dedd5e23505e5105ea2d6524a733654b160,parsed,4
4 - Ullal Jayshree (0001605809) (Reporting),4,2026-04-24 22:30:07,0001596532-26-000068,0001605809,4 - Ullal Jayshree (0001605809) (Reporting),,,https://www.sec.gov/Archives/edgar/data/1605809/000159653226000068,https://www.sec.gov/Archives/edgar/data/1605809/000159653226000068/0001596532-26-000068-index.htm,False,https://www.sec.gov/Archives/edgar/data/1605809/000159653226000068/edgardoc.xml,9b130f6a5e5f3661fbe7ab0b2eed913e286a58d70ffbed872e541f14273bcc66,parsed,0
4 - RUBINSTEIN JULIE (0001780664) (Reporting),4,2026-04-24 22:29:47,0001780664-26-000030,0001780664,4 - RUBINSTEIN JULIE (0001780664) (Reporting),,,https://www.sec.gov/Archives/edgar/data/1780664/000178066426000030,https://www.sec.gov/Archives/edgar/data/1780664/000178066426000030/0001780664-26-000030-index.htm,False,https://www.sec.gov/Archives/edgar/data/1780664/000178066426000030/form4.xml,ba2a4e9a72f1cc03a281396e97b243048b0b8533ff01a1bdd19f610ab6d25445,parsed,0
4 - SAMAD SAM (0001694295) (Reporting),4,2026-04-24 22:24:49,0001022079-26-000050,0001694295,4 - SAMAD SAM (0001694295) (Reporting),,,https://www.sec.gov/Archives/edgar/data/1694295/000102207926000050,https://www.sec.gov/Archives/edgar/data/1694295/000102207926000050/0001022079-26-000050-index.htm,False,https://www.sec.gov/Archives/edgar/data/1694295/000102207926000050/wk-form4_1777069487.xml,ef41bd99e965495bd28de94251d02811375b9069eaa4f6700521f0704de02554,parsed,0
4 - Plewman Patrick (0001497368) (Reporting),4,2026-04-24 22:24:34,0001022079-26-000049,0001497368,4 - Plewman Patrick (0001497368) (Reporting),,,https://www.sec.gov/Archives/edgar/data/1497368/000102207926000049,https://www.sec.gov/Archives/edgar/data/1497368/000102207926000049/0001022079-26-000049-index.htm,False,https://www.sec.gov/Archives/edgar/data/1497368/000102207926000049/wk-form4_1777069472.xml,580bad8642882167454bf033cba45f9f7ba5b8a952bfe34db604948e4458fcb1,parsed,0
4 - Gregg Vicky B (0001510304) (Reporting),4,2026-04-24 22:24:12,0001022079-26-000048,0001510304,4 - Gregg Vicky B (0001510304) (Reporting),,,https://www.sec.gov/Archives/edgar/data/1510304/000102207926000048,https://www.sec.gov/Archives/edgar/data/1510304/000102207926000048/0001022079-26-000048-index.htm,False,https://www.sec.gov/Archives/edgar/data/1510304/000102207926000048/wk-form4_1777069449.xml,db35dcf0c0a8ebd7ba621ac4cc985b3b291aca58ebb5bff1a9966c503b7d738e,parsed,0
4 - CARTER ROBERT B (0001197607) (Reporting),4,2026-04-24 22:23:54,0001022079-26-000047,0001197607,4 - CARTER ROBERT B (0001197607) (Reporting),,,https://www.sec.gov/Archives/edgar/data/1197607/000102207926000047,https://www.sec.gov/Archives/edgar/data/1197607/000102207926000047/0001022079-26-000047-index.htm,False,https://www.sec.gov/Archives/edgar/data/1197607/000102207926000047/wk-form4_1777069431.xml,32943ececd2d56435266e053cf288b69842e827fe5520097976d5fd08e6d3cb2,parsed,0
4 - Lassiter Wright III (0001805909) (Reporting),4,2026-04-24 22:23:36,0001022079-26-000046,0001805909,4 - Lassiter Wright III (0001805909) (Reporting),,,https://www.sec.gov/Archives/edgar/data/1805909/000102207926000046,https://www.sec.gov/Archives/edgar/data/1805909/000102207926000046/0001022079-26-000046-index.htm,False,https://www.sec.gov/Archives/edgar/data/1805909/000102207926000046/wk-form4_1777069413.xml,e5b7c8652f1eb59a684d2add0e5c5467bdf9a56e670d2fcce71fefc2857fc73e,parsed,0
4 - KUPPUSAMY KARTHIK (0001955217) (Reporting),4,2026-04-24 22:23:21,0001022079-26-000045,0001955217,4 - KUPPUSAMY KARTHIK (0001955217) (Reporting),,,https://www.sec.gov/Archives/edgar/data/1955217/000102207926000045,https://www.sec.gov/Archives/edgar/data/1955217/000102207926000045/0001022079-26-000045-index.htm,False,https://www.sec.gov/Archives/edgar/data/1955217/000102207926000045/wk-form4_1777069399.xml,7e22351f4fdbf26d2e0c200e5e39c687cd999648c02edc6549bc9aa1cd500355,parsed,0
4 - DELANEY MARK E (0001955265) (Reporting),4,2026-04-24 22:23:04,0001022079-26-000044,0001955265,4 - DELANEY MARK E (0001955265) (Reporting),,,https://www.sec.gov/Archives/edgar/data/1955265/000102207926000044,https://www.sec.gov/Archives/edgar/data/1955265/000102207926000044/0001022079-26-000044-index.htm,False,https://www.sec.gov/Archives/edgar/data/1955265/000102207926000044/wk-form4_1777069381.xml,50092cb59b36601b4dc562a8b5eac81e0f44c2b0d3fb9880805d5793ef85cad9,parsed,0
"4 - STROME GROUP, INC. (0001724136) (Reporting)",4,2026-04-24 22:16:02,0001213900-26-047650,0001724136,"4 - STROME GROUP, INC. (0001724136) (Reporting)",,,https://www.sec.gov/Archives/edgar/data/1724136/000121390026047650,https://www.sec.gov/Archives/edgar/data/1724136/000121390026047650/0001213900-26-047650-index.htm,False,https://www.sec.gov/Archives/edgar/data/1724136/000121390026047650/ownership.xml,2dd5b3e103f898a193075c4b78eaed2ad74750239517363b4caf591c78f1fe3a,parsed,1
4 - SONNENFELD JEFFREY (0001259739) (Reporting),4,2026-04-24 22:14:39,0001193125-26-178030,0001259739,4 - SONNENFELD JEFFREY (0001259739) (Reporting),,,https://www.sec.gov/Archives/edgar/data/1259739/000119312526178030,https://www.sec.gov/Archives/edgar/data/1259739/000119312526178030/0001193125-26-178030-index.htm,False,https://www.sec.gov/Archives/edgar/data/1259739/000119312526178030/ownership.xml,1a028ce39f71c486cbb38fbec8efa85609c97444712a439fdf3e62cc2d9f2a1e,parsed,0
4 - Vor Biopharma Inc. (0001817229) (Issuer),4,2026-04-24 22:12:56,0001231919-26-000409,0001817229,4 - Vor Biopharma Inc. (0001817229) (Issuer),,,https://www.sec.gov/Archives/edgar/data/1817229/000123191926000409,https://www.sec.gov/Archives/edgar/data/1817229/000123191926000409/0001231919-26-000409-index.htm,False,https://www.sec.gov/Archives/edgar/data/1817229/000123191926000409/form4-04242026_100450.xml,9113a7c665c058478e31cd3f788fdceb2e8666f984b1ab23ec13eae5f9eb2c81,parsed,0
4 - OLIVERA ARMANDO J (0001201282) (Reporting),4,2026-04-24 22:11:26,0001193125-26-178011,0001201282,4 - OLIVERA ARMANDO J (0001201282) (Reporting),,,https://www.sec.gov/Archives/edgar/data/1201282/000119312526178011,https://www.sec.gov/Archives/edgar/data/1201282/000119312526178011/0001193125-26-178011-index.htm,False,https://www.sec.gov/Archives/edgar/data/1201282/000119312526178011/ownership.xml,93fc19c437a5b7c22166f7513040a9a44a2920b1d74d3a0c49245b649b22c87c,parsed,0
4 - Neman-Ebrahim Yousha (0002071642) (Reporting),4,2026-04-24 22:10:07,0001213900-26-047648,0002071642,4 - Neman-Ebrahim Yousha (0002071642) (Reporting),,,https://www.sec.gov/Archives/edgar/data/2071642/000121390026047648,https://www.sec.gov/Archives/edgar/data/2071642/000121390026047648/0001213900-26-047648-index.htm,False,https://www.sec.gov/Archives/edgar/data/2071642/000121390026047648/marketforms-72995.xml,4337c555f857fe3a8e3080094ab55f5d4753c09b07226315130c2f1f953b062e,parsed,1
4 - Banse Amy (0001550029) (Reporting),4,2026-04-24 22:07:28,0001193125-26-178004,0001550029,4 - Banse Amy (0001550029) (Reporting),,,https://www.sec.gov/Archives/edgar/data/1550029/000119312526178004,https://www.sec.gov/Archives/edgar/data/1550029/000119312526178004/0001193125-26-178004-index.htm,False,https://www.sec.gov/Archives/edgar/data/1550029/000119312526178004/ownership.xml,2e60b49bdc7ef8aa93068e6b7677a9d1a19fca7eb5ba8c2e103e318ffe79418f,parsed,0
4 - Kelderman Kim (0001739054) (Reporting),4,2026-04-24 22:06:19,0000914190-26-000081,0001739054,4 - Kelderman Kim (0001739054) (Reporting),,,https://www.sec.gov/Archives/edgar/data/1739054/000091419026000081,https://www.sec.gov/Archives/edgar/data/1739054/000091419026000081/0000914190-26-000081-index.htm,False,https://www.sec.gov/Archives/edgar/data/1739054/000091419026000081/form4.xml,8dcc3b27c09bfe5c0a17f6d7a1aa3c2051292498a185e15b885948e23a110f53,parsed,0
4 - Hippel James (0001603594) (Reporting),4,2026-04-24 22:05:57,0000914190-26-000080,0001603594,4 - Hippel James (0001603594) (Reporting),,,https://www.sec.gov/Archives/edgar/data/1603594/000091419026000080,https://www.sec.gov/Archives/edgar/data/1603594/000091419026000080/0000914190-26-000080-index.htm,False,https://www.sec.gov/Archives/edgar/data/1603594/000091419026000080/form4.xml,25cd7b2883f1bbf7c1321e2ca17f7ac81bd3a9805725ea412bf80266f932fd08,parsed,0
4 - McClure Teri P (0001346705) (Reporting),4,2026-04-24 22:02:29,0001193125-26-177997,0001346705,4 - McClure Teri P (0001346705) (Reporting),,,https://www.sec.gov/Archives/edgar/data/1346705/000119312526177997,https://www.sec.gov/Archives/edgar/data/1346705/000119312526177997/0001193125-26-177997-index.htm,False,https://www.sec.gov/Archives/edgar/data/1346705/000119312526177997/ownership.xml,790887a1a5d00bce8d8b5c2795bb3d201e0cfb565495a27e06711da02ee6b33f,parsed,0
4 - GOLDEN MARGOT (0002020293) (Reporting),4,2026-04-24 22:00:49,0001214659-26-005081,0002020293,4 - GOLDEN MARGOT (0002020293) (Reporting),,,https://www.sec.gov/Archives/edgar/data/2020293/000121465926005081,https://www.sec.gov/Archives/edgar/data/2020293/000121465926005081/0001214659-26-005081-index.htm,False,https://www.sec.gov/Archives/edgar/data/2020293/000121465926005081/marketforms-72993.xml,fcddd4adc494fe858e1d57d24d149059b8d2f0edea7f1232d96757edfc49af9a,parsed,0
4 - GOLDEN ARTHUR S. (0001838537) (Reporting),4,2026-04-24 22:00:28,0001214659-26-005080,0001838537,4 - GOLDEN ARTHUR S. (0001838537) (Reporting),,,https://www.sec.gov/Archives/edgar/data/1838537/000121465926005080,https://www.sec.gov/Archives/edgar/data/1838537/000121465926005080/0001214659-26-005080-index.htm,False,https://www.sec.gov/Archives/edgar/data/1838537/000121465926005080/marketforms-72994.xml,3b147a4230b1cee28c2b543e5b94ea8b04765e4274008bd7a45f43f80f2f8b4f,parsed,0
4 - GARNETT KEITHLY (0001997371) (Reporting),4,2026-04-24 22:00:07,0001213900-26-047644,0001997371,4 - GARNETT KEITHLY (0001997371) (Reporting),,,https://www.sec.gov/Archives/edgar/data/1997371/000121390026047644,https://www.sec.gov/Archives/edgar/data/1997371/000121390026047644/0001213900-26-047644-index.htm,False,https://www.sec.gov/Archives/edgar/data/1997371/000121390026047644/marketforms-72939.xml,7064885690cc8d3e06a797d0942e1569583f7a4b657a998263cc7bf691097f64,parsed,1
4 - RAINBOLT DAVID E (0001042873) (Reporting),4,2026-04-24 21:50:22,0000760498-26-000042,0001042873,4 - RAINBOLT DAVID E (0001042873) (Reporting),,,https://www.sec.gov/Archives/edgar/data/1042873/000076049826000042,https://www.sec.gov/Archives/edgar/data/1042873/000076049826000042/0000760498-26-000042-index.htm,False,https://www.sec.gov/Archives/edgar/data/1042873/000076049826000042/primary_01.xml,c33c9b0cd64d73dedca8a57991e9adb7b6c27adbfb0880693373021fd3e8b510,parsed,0
4 - HUDSON SHERRILL W (0001208993) (Reporting),4,2026-04-24 21:50:03,0001193125-26-177824,0001208993,4 - HUDSON SHERRILL W (0001208993) (Reporting),,,https://www.sec.gov/Archives/edgar/data/1208993/000119312526177824,https://www.sec.gov/Archives/edgar/data/1208993/000119312526177824/0001193125-26-177824-index.htm,False,https://www.sec.gov/Archives/edgar/data/1208993/000119312526177824/ownership.xml,db37ffe85c20304b5317c516df79815c827e1bb23a1c1d71f3c2bbbc023148a1,parsed,0
