title,form_type,accepted_at,accession,cik,company_name,ticker,primary_document,archive_base_url,source_url,amendment_flag
4 - Uren Lesley (0002056595) (Reporting),4,2026-07-17 00:32:03,0001193125-26-306534,0002056595,4 - Uren Lesley (0002056595) (Reporting),,,https://www.sec.gov/Archives/edgar/data/2056595/000119312526306534,https://www.sec.gov/Archives/edgar/data/2056595/000119312526306534/0001193125-26-306534-index.htm,False
4 - ONeill Francis James (0002008632) (Reporting),4,2026-07-17 00:27:29,0001628280-26-048550,0002008632,4 - ONeill Francis James (0002008632) (Reporting),,,https://www.sec.gov/Archives/edgar/data/2008632/000162828026048550,https://www.sec.gov/Archives/edgar/data/2008632/000162828026048550/0001628280-26-048550-index.htm,False
"4 - AtlasClear Holdings, Inc. (0001963088) (Issuer)",4,2026-07-17 00:21:33,0001493152-26-033630,0001963088,"4 - AtlasClear Holdings, Inc. (0001963088) (Issuer)",,,https://www.sec.gov/Archives/edgar/data/1963088/000149315226033630,https://www.sec.gov/Archives/edgar/data/1963088/000149315226033630/0001493152-26-033630-index.htm,False
4 - Enovix Corp (0001828318) (Issuer),4,2026-07-17 00:21:30,0001564606-26-000011,0001828318,4 - Enovix Corp (0001828318) (Issuer),,,https://www.sec.gov/Archives/edgar/data/1828318/000156460626000011,https://www.sec.gov/Archives/edgar/data/1828318/000156460626000011/0001564606-26-000011-index.htm,False
4 - Lumentum Holdings Inc. (0001633978) (Issuer),4,2026-07-17 00:19:37,0001607990-26-000001,0001633978,4 - Lumentum Holdings Inc. (0001633978) (Issuer),,,https://www.sec.gov/Archives/edgar/data/1633978/000160799026000001,https://www.sec.gov/Archives/edgar/data/1633978/000160799026000001/0001607990-26-000001-index.htm,False
4 - Wilson Andrew (0001545193) (Reporting),4,2026-07-17 00:19:21,0000712515-26-000122,0001545193,4 - Wilson Andrew (0001545193) (Reporting),,,https://www.sec.gov/Archives/edgar/data/1545193/000071251526000122,https://www.sec.gov/Archives/edgar/data/1545193/000071251526000122/0000712515-26-000122-index.htm,False
4 - Small Ian (0001714910) (Reporting),4,2026-07-17 00:18:19,0001714910-26-000003,0001714910,4 - Small Ian (0001714910) (Reporting),,,https://www.sec.gov/Archives/edgar/data/1714910/000171491026000003,https://www.sec.gov/Archives/edgar/data/1714910/000171491026000003/0001714910-26-000003-index.htm,False
4 - Kleinerman Christian (0001979088) (Reporting),4,2026-07-17 00:18:18,0001979088-26-000014,0001979088,4 - Kleinerman Christian (0001979088) (Reporting),,,https://www.sec.gov/Archives/edgar/data/1979088/000197908826000014,https://www.sec.gov/Archives/edgar/data/1979088/000197908826000014/0001979088-26-000014-index.htm,False
"4 - Butterfly Network, Inc. (0001804176) (Issuer)",4,2026-07-17 00:18:00,0001104659-26-084347,0001804176,"4 - Butterfly Network, Inc. (0001804176) (Issuer)",,,https://www.sec.gov/Archives/edgar/data/1804176/000110465926084347,https://www.sec.gov/Archives/edgar/data/1804176/000110465926084347/0001104659-26-084347-index.htm,False
4 - Dageville Benoit (0001821737) (Reporting),4,2026-07-17 00:17:50,0001821737-26-000009,0001821737,4 - Dageville Benoit (0001821737) (Reporting),,,https://www.sec.gov/Archives/edgar/data/1821737/000182173726000009,https://www.sec.gov/Archives/edgar/data/1821737/000182173726000009/0001821737-26-000009-index.htm,False
"4 - AtlasClear Holdings, Inc. (0001963088) (Issuer)",4,2026-07-17 00:17:13,0001493152-26-033628,0001963088,"4 - AtlasClear Holdings, Inc. (0001963088) (Issuer)",,,https://www.sec.gov/Archives/edgar/data/1963088/000149315226033628,https://www.sec.gov/Archives/edgar/data/1963088/000149315226033628/0001493152-26-033628-index.htm,False
4 - Lillie Brian (0001648231) (Reporting),4,2026-07-17 00:16:58,0001648231-26-000004,0001648231,4 - Lillie Brian (0001648231) (Reporting),,,https://www.sec.gov/Archives/edgar/data/1648231/000164823126000004,https://www.sec.gov/Archives/edgar/data/1648231/000164823126000004/0001648231-26-000004-index.htm,False
4 - Singh Vijayanthimala (0001689214) (Reporting),4,2026-07-17 00:16:38,0000712515-26-000120,0001689214,4 - Singh Vijayanthimala (0001689214) (Reporting),,,https://www.sec.gov/Archives/edgar/data/1689214/000071251526000120,https://www.sec.gov/Archives/edgar/data/1689214/000071251526000120/0000712515-26-000120-index.htm,False
4 - Johnson Julia Suzanne (0001722289) (Reporting),4,2026-07-17 00:15:13,0001722289-26-000001,0001722289,4 - Johnson Julia Suzanne (0001722289) (Reporting),,,https://www.sec.gov/Archives/edgar/data/1722289/000172228926000001,https://www.sec.gov/Archives/edgar/data/1722289/000172228926000001/0001722289-26-000001-index.htm,False
4 - Lynch Nnenna (0001862674) (Reporting),4,2026-07-17 00:15:11,0001061630-26-000061,0001862674,4 - Lynch Nnenna (0001862674) (Reporting),,,https://www.sec.gov/Archives/edgar/data/1862674/000106163026000061,https://www.sec.gov/Archives/edgar/data/1862674/000106163026000061/0001061630-26-000061-index.htm,False
4 - SAGALYN LYNNE B (0001195695) (Reporting),4,2026-07-17 00:15:05,0001061630-26-000060,0001195695,4 - SAGALYN LYNNE B (0001195695) (Reporting),,,https://www.sec.gov/Archives/edgar/data/1195695/000106163026000060,https://www.sec.gov/Archives/edgar/data/1195695/000106163026000060/0001061630-26-000060-index.htm,False
4 - NASSAU HENRY N (0001177127) (Reporting),4,2026-07-17 00:14:59,0001061630-26-000059,0001177127,4 - NASSAU HENRY N (0001177127) (Reporting),,,https://www.sec.gov/Archives/edgar/data/1177127/000106163026000059,https://www.sec.gov/Archives/edgar/data/1177127/000106163026000059/0001061630-26-000059-index.htm,False
4 - Hsu Chen Yi (0002078424) (Reporting),4,2026-07-17 00:14:54,0001061630-26-000058,0002078424,4 - Hsu Chen Yi (0002078424) (Reporting),,,https://www.sec.gov/Archives/edgar/data/2078424/000106163026000058,https://www.sec.gov/Archives/edgar/data/2078424/000106163026000058/0001061630-26-000058-index.htm,False
4 - Cotton Leonard W (0001373685) (Reporting),4,2026-07-17 00:14:49,0001061630-26-000057,0001373685,4 - Cotton Leonard W (0001373685) (Reporting),,,https://www.sec.gov/Archives/edgar/data/1373685/000106163026000057,https://www.sec.gov/Archives/edgar/data/1373685/000106163026000057/0001061630-26-000057-index.htm,False
4 - Miele Laura (0001670477) (Reporting),4,2026-07-17 00:14:12,0000712515-26-000118,0001670477,4 - Miele Laura (0001670477) (Reporting),,,https://www.sec.gov/Archives/edgar/data/1670477/000071251526000118,https://www.sec.gov/Archives/edgar/data/1670477/000071251526000118/0000712515-26-000118-index.htm,False
4 - Lumentum Holdings Inc. (0001633978) (Issuer),4,2026-07-17 00:14:04,0001232019-26-000005,0001633978,4 - Lumentum Holdings Inc. (0001633978) (Issuer),,,https://www.sec.gov/Archives/edgar/data/1633978/000123201926000005,https://www.sec.gov/Archives/edgar/data/1633978/000123201926000005/0001232019-26-000005-index.htm,False
4 - BARTELS WILLIAM H (0001090391) (Reporting),4,2026-07-17 00:12:39,0001090391-26-000004,0001090391,4 - BARTELS WILLIAM H (0001090391) (Reporting),,,https://www.sec.gov/Archives/edgar/data/1090391/000109039126000004,https://www.sec.gov/Archives/edgar/data/1090391/000109039126000004/0001090391-26-000004-index.htm,False
4 - Fletcher Pamela (0001711035) (Reporting),4,2026-07-17 00:12:14,0001711035-26-000002,0001711035,4 - Fletcher Pamela (0001711035) (Reporting),,,https://www.sec.gov/Archives/edgar/data/1711035/000171103526000002,https://www.sec.gov/Archives/edgar/data/1711035/000171103526000002/0001711035-26-000002-index.htm,False
"4 - Boundless Bio, Inc. (0001782303) (Issuer)",4,2026-07-17 00:10:50,0001178579-26-000015,0001782303,"4 - Boundless Bio, Inc. (0001782303) (Issuer)",,,https://www.sec.gov/Archives/edgar/data/1782303/000117857926000015,https://www.sec.gov/Archives/edgar/data/1782303/000117857926000015/0001178579-26-000015-index.htm,False
4 - Podnos Yale (0001891104) (Reporting),4,2026-07-17 00:05:50,0001553350-26-000111,0001891104,4 - Podnos Yale (0001891104) (Reporting),,,https://www.sec.gov/Archives/edgar/data/1891104/000155335026000111,https://www.sec.gov/Archives/edgar/data/1891104/000155335026000111/0001553350-26-000111-index.htm,False
4 - Voskanian Shaunt (0002073591) (Reporting),4,2026-07-17 00:04:51,0002073591-26-000028,0002073591,4 - Voskanian Shaunt (0002073591) (Reporting),,,https://www.sec.gov/Archives/edgar/data/2073591/000207359126000028,https://www.sec.gov/Archives/edgar/data/2073591/000207359126000028/0002073591-26-000028-index.htm,False
4 - Dissinger Ronald L (0001478924) (Reporting),4,2026-07-17 00:04:50,0001493152-26-033626,0001478924,4 - Dissinger Ronald L (0001478924) (Reporting),,,https://www.sec.gov/Archives/edgar/data/1478924/000149315226033626,https://www.sec.gov/Archives/edgar/data/1478924/000149315226033626/0001493152-26-033626-index.htm,False
4 - Norman Paul T (0001397924) (Reporting),4,2026-07-17 00:00:56,0001493152-26-033623,0001397924,4 - Norman Paul T (0001397924) (Reporting),,,https://www.sec.gov/Archives/edgar/data/1397924/000149315226033623,https://www.sec.gov/Archives/edgar/data/1397924/000149315226033623/0001493152-26-033623-index.htm,False
4 - KEARNES LAURILEE (0001751130) (Reporting),4,2026-07-17 00:00:19,0001437749-26-023737,0001751130,4 - KEARNES LAURILEE (0001751130) (Reporting),,,https://www.sec.gov/Archives/edgar/data/1751130/000143774926023737,https://www.sec.gov/Archives/edgar/data/1751130/000143774926023737/0001437749-26-023737-index.htm,False
4 - Herman Joan M (0001717123) (Reporting),4,2026-07-17 00:00:18,0001683168-26-005583,0001717123,4 - Herman Joan M (0001717123) (Reporting),,,https://www.sec.gov/Archives/edgar/data/1717123/000168316826005583,https://www.sec.gov/Archives/edgar/data/1717123/000168316826005583/0001683168-26-005583-index.htm,False
4 - Dambkowski Carl (0001983476) (Reporting),4,2026-07-17 00:00:13,0001104659-26-084344,0001983476,4 - Dambkowski Carl (0001983476) (Reporting),,,https://www.sec.gov/Archives/edgar/data/1983476/000110465926084344,https://www.sec.gov/Archives/edgar/data/1983476/000110465926084344/0001104659-26-084344-index.htm,False
4 - Murray Mark F. (0001824525) (Reporting),4,2026-07-16 23:57:02,0001493152-26-033621,0001824525,4 - Murray Mark F. (0001824525) (Reporting),,,https://www.sec.gov/Archives/edgar/data/1824525/000149315226033621,https://www.sec.gov/Archives/edgar/data/1824525/000149315226033621/0001493152-26-033621-index.htm,False
4 - Reichman Gregg (0001968765) (Reporting),4,2026-07-16 23:53:51,0001493152-26-033619,0001968765,4 - Reichman Gregg (0001968765) (Reporting),,,https://www.sec.gov/Archives/edgar/data/1968765/000149315226033619,https://www.sec.gov/Archives/edgar/data/1968765/000149315226033619/0001493152-26-033619-index.htm,False
4 - SIRKIN CLIVE M (0001673527) (Reporting),4,2026-07-16 23:50:33,0001493152-26-033615,0001673527,4 - SIRKIN CLIVE M (0001673527) (Reporting),,,https://www.sec.gov/Archives/edgar/data/1673527/000149315226033615,https://www.sec.gov/Archives/edgar/data/1673527/000149315226033615/0001493152-26-033615-index.htm,False
4 - Jones Jeffrey D (0001416572) (Reporting),4,2026-07-16 23:30:13,0001437749-26-023736,0001416572,4 - Jones Jeffrey D (0001416572) (Reporting),,,https://www.sec.gov/Archives/edgar/data/1416572/000143774926023736,https://www.sec.gov/Archives/edgar/data/1416572/000143774926023736/0001437749-26-023736-index.htm,False
4 - Zadno Reza (0001632326) (Reporting),4,2026-07-16 23:28:09,0001193125-26-306432,0001632326,4 - Zadno Reza (0001632326) (Reporting),,,https://www.sec.gov/Archives/edgar/data/1632326/000119312526306432,https://www.sec.gov/Archives/edgar/data/1632326/000119312526306432/0001193125-26-306432-index.htm,False
4 - Daly Joseph Patrick (0001332596) (Reporting),4,2026-07-16 23:25:56,0001332596-26-000005,0001332596,4 - Daly Joseph Patrick (0001332596) (Reporting),,,https://www.sec.gov/Archives/edgar/data/1332596/000133259626000005,https://www.sec.gov/Archives/edgar/data/1332596/000133259626000005/0001332596-26-000005-index.htm,False
4 - Younes Steven J (0001904829) (Reporting),4,2026-07-16 23:16:57,0001904829-26-000004,0001904829,4 - Younes Steven J (0001904829) (Reporting),,,https://www.sec.gov/Archives/edgar/data/1904829/000190482926000004,https://www.sec.gov/Archives/edgar/data/1904829/000190482926000004/0001904829-26-000004-index.htm,False
4 - Smith Michael Jared (0001712056) (Reporting),4,2026-07-16 23:15:56,0001712056-26-000004,0001712056,4 - Smith Michael Jared (0001712056) (Reporting),,,https://www.sec.gov/Archives/edgar/data/1712056/000171205626000004,https://www.sec.gov/Archives/edgar/data/1712056/000171205626000004/0001712056-26-000004-index.htm,False
4 - Schroeder Marc (0001975231) (Reporting),4,2026-07-16 23:15:04,0001975231-26-000006,0001975231,4 - Schroeder Marc (0001975231) (Reporting),,,https://www.sec.gov/Archives/edgar/data/1975231/000197523126000006,https://www.sec.gov/Archives/edgar/data/1975231/000197523126000006/0001975231-26-000006-index.htm,False
4 - Jones Gregory W (0001877286) (Reporting),4,2026-07-16 23:14:05,0001877286-26-000002,0001877286,4 - Jones Gregory W (0001877286) (Reporting),,,https://www.sec.gov/Archives/edgar/data/1877286/000187728626000002,https://www.sec.gov/Archives/edgar/data/1877286/000187728626000002/0001877286-26-000002-index.htm,False
"4 - Arista Networks, Inc. (0001596532) (Issuer)",4,2026-07-16 23:13:35,0001596532-26-000164,0001596532,"4 - Arista Networks, Inc. (0001596532) (Issuer)",,,https://www.sec.gov/Archives/edgar/data/1596532/000159653226000164,https://www.sec.gov/Archives/edgar/data/1596532/000159653226000164/0001596532-26-000164-index.htm,False
4 - Crowley Michael Christopher (0002052319) (Reporting),4,2026-07-16 23:09:44,0002052319-26-000004,0002052319,4 - Crowley Michael Christopher (0002052319) (Reporting),,,https://www.sec.gov/Archives/edgar/data/2052319/000205231926000004,https://www.sec.gov/Archives/edgar/data/2052319/000205231926000004/0002052319-26-000004-index.htm,False
4 - Yowell Jeffrey David (0002012406) (Reporting),4,2026-07-16 23:09:42,0002012406-26-000002,0002012406,4 - Yowell Jeffrey David (0002012406) (Reporting),,,https://www.sec.gov/Archives/edgar/data/2012406/000201240626000002,https://www.sec.gov/Archives/edgar/data/2012406/000201240626000002/0002012406-26-000002-index.htm,False
4 - Dutra da Silva Ricardo (0002031101) (Reporting),4,2026-07-16 23:09:00,0001292814-26-003798,0002031101,4 - Dutra da Silva Ricardo (0002031101) (Reporting),,,https://www.sec.gov/Archives/edgar/data/2031101/000129281426003798,https://www.sec.gov/Archives/edgar/data/2031101/000129281426003798/0001292814-26-003798-index.htm,False
"4 - Lamb Weston Holdings, Inc. (0001679273) (Issuer)",4,2026-07-16 23:08:44,0001353531-26-000004,0001679273,"4 - Lamb Weston Holdings, Inc. (0001679273) (Issuer)",,,https://www.sec.gov/Archives/edgar/data/1679273/000135353126000004,https://www.sec.gov/Archives/edgar/data/1679273/000135353126000004/0001353531-26-000004-index.htm,False
4 - Loh Michael Anthony (0002033348) (Reporting),4,2026-07-16 23:05:30,0002033348-26-000010,0002033348,4 - Loh Michael Anthony (0002033348) (Reporting),,,https://www.sec.gov/Archives/edgar/data/2033348/000203334826000010,https://www.sec.gov/Archives/edgar/data/2033348/000203334826000010/0002033348-26-000010-index.htm,False
4 - Bowen Julie Marie (0002065459) (Reporting),4,2026-07-16 23:02:36,0002065459-26-000004,0002065459,4 - Bowen Julie Marie (0002065459) (Reporting),,,https://www.sec.gov/Archives/edgar/data/2065459/000206545926000004,https://www.sec.gov/Archives/edgar/data/2065459/000206545926000004/0002065459-26-000004-index.htm,False
4 - IXL Ltd Liability Co (0001909090) (Reporting),4,2026-07-16 23:01:26,0001493152-26-033609,0001909090,4 - IXL Ltd Liability Co (0001909090) (Reporting),,,https://www.sec.gov/Archives/edgar/data/1909090/000149315226033609,https://www.sec.gov/Archives/edgar/data/1909090/000149315226033609/0001493152-26-033609-index.htm,False
4 - Andrus Carter (0002006669) (Reporting),4,2026-07-16 23:00:11,0001193125-26-306404,0002006669,4 - Andrus Carter (0002006669) (Reporting),,,https://www.sec.gov/Archives/edgar/data/2006669/000119312526306404,https://www.sec.gov/Archives/edgar/data/2006669/000119312526306404/0001193125-26-306404-index.htm,False
4 - Letter Daniel (0001960640) (Reporting),4,2026-07-16 23:00:10,0001193125-26-306403,0001960640,4 - Letter Daniel (0001960640) (Reporting),,,https://www.sec.gov/Archives/edgar/data/1960640/000119312526306403,https://www.sec.gov/Archives/edgar/data/1960640/000119312526306403/0001193125-26-306403-index.htm,False
4 - Briones Deborah K (0002050143) (Reporting),4,2026-07-16 23:00:08,0001193125-26-306402,0002050143,4 - Briones Deborah K (0002050143) (Reporting),,,https://www.sec.gov/Archives/edgar/data/2050143/000119312526306402,https://www.sec.gov/Archives/edgar/data/2050143/000119312526306402/0001193125-26-306402-index.htm,False
4 - Austin Damon (0002103306) (Reporting),4,2026-07-16 23:00:06,0001193125-26-306401,0002103306,4 - Austin Damon (0002103306) (Reporting),,,https://www.sec.gov/Archives/edgar/data/2103306/000119312526306401,https://www.sec.gov/Archives/edgar/data/2103306/000119312526306401/0001193125-26-306401-index.htm,False
4 - Burns Trisha (0002125673) (Reporting),4,2026-07-16 23:00:05,0001193125-26-306400,0002125673,4 - Burns Trisha (0002125673) (Reporting),,,https://www.sec.gov/Archives/edgar/data/2125673/000119312526306400,https://www.sec.gov/Archives/edgar/data/2125673/000119312526306400/0001193125-26-306400-index.htm,False
4 - Arndt Timothy D (0001919424) (Reporting),4,2026-07-16 23:00:03,0001193125-26-306399,0001919424,4 - Arndt Timothy D (0001919424) (Reporting),,,https://www.sec.gov/Archives/edgar/data/1919424/000119312526306399,https://www.sec.gov/Archives/edgar/data/1919424/000119312526306399/0001193125-26-306399-index.htm,False
4 - Sarvikas Juho (0002050984) (Reporting),4,2026-07-16 22:59:41,0001683168-26-005581,0002050984,4 - Sarvikas Juho (0002050984) (Reporting),,,https://www.sec.gov/Archives/edgar/data/2050984/000168316826005581,https://www.sec.gov/Archives/edgar/data/2050984/000168316826005581/0001683168-26-005581-index.htm,False
4 - Mulhern George (0002067163) (Reporting),4,2026-07-16 22:59:27,0001683168-26-005580,0002067163,4 - Mulhern George (0002067163) (Reporting),,,https://www.sec.gov/Archives/edgar/data/2067163/000168316826005580,https://www.sec.gov/Archives/edgar/data/2067163/000168316826005580/0001683168-26-005580-index.htm,False
4 - McClaskey James Paul (0001920558) (Reporting),4,2026-07-16 22:59:13,0001683168-26-005579,0001920558,4 - McClaskey James Paul (0001920558) (Reporting),,,https://www.sec.gov/Archives/edgar/data/1920558/000168316826005579,https://www.sec.gov/Archives/edgar/data/1920558/000168316826005579/0001683168-26-005579-index.htm,False
4 - Gatoff Steven (0001465929) (Reporting),4,2026-07-16 22:59:00,0001683168-26-005578,0001465929,4 - Gatoff Steven (0001465929) (Reporting),,,https://www.sec.gov/Archives/edgar/data/1465929/000168316826005578,https://www.sec.gov/Archives/edgar/data/1465929/000168316826005578/0001683168-26-005578-index.htm,False
4 - SMOLYANSKY EDWARD (0001227847) (Reporting),4,2026-07-16 22:58:43,0001683168-26-005577,0001227847,4 - SMOLYANSKY EDWARD (0001227847) (Reporting),,,https://www.sec.gov/Archives/edgar/data/1227847/000168316826005577,https://www.sec.gov/Archives/edgar/data/1227847/000168316826005577/0001683168-26-005577-index.htm,False
4 - Distefano Michael (0001934997) (Reporting),4,2026-07-16 22:55:33,0001193125-26-306398,0001934997,4 - Distefano Michael (0001934997) (Reporting),,,https://www.sec.gov/Archives/edgar/data/1934997/000119312526306398,https://www.sec.gov/Archives/edgar/data/1934997/000119312526306398/0001193125-26-306398-index.htm,False
4 - Casper Mark (0002007961) (Reporting),4,2026-07-16 22:54:21,0001628280-26-048548,0002007961,4 - Casper Mark (0002007961) (Reporting),,,https://www.sec.gov/Archives/edgar/data/2007961/000162828026048548,https://www.sec.gov/Archives/edgar/data/2007961/000162828026048548/0001628280-26-048548-index.htm,False
"4 - Marvell Technology, Inc. (0001835632) (Issuer)",4,2026-07-16 22:52:48,0001628280-26-048546,0001835632,"4 - Marvell Technology, Inc. (0001835632) (Issuer)",,,https://www.sec.gov/Archives/edgar/data/1835632/000162828026048546,https://www.sec.gov/Archives/edgar/data/1835632/000162828026048546/0001628280-26-048546-index.htm,False
4 - Jedda Dan (0001834902) (Reporting),4,2026-07-16 22:48:33,0001834902-26-000018,0001834902,4 - Jedda Dan (0001834902) (Reporting),,,https://www.sec.gov/Archives/edgar/data/1834902/000183490226000018,https://www.sec.gov/Archives/edgar/data/1834902/000183490226000018/0001834902-26-000018-index.htm,False
4 - Firy Inc. (0001801661) (Issuer),4,2026-07-16 22:40:14,0001801661-26-000074,0001801661,4 - Firy Inc. (0001801661) (Issuer),,,https://www.sec.gov/Archives/edgar/data/1801661/000180166126000074,https://www.sec.gov/Archives/edgar/data/1801661/000180166126000074/0001801661-26-000074-index.htm,False
"4 - Mercator Investor Holdings, LLC (0002110044) (Reporting)",4,2026-07-16 22:40:05,0001213900-26-078835,0002110044,"4 - Mercator Investor Holdings, LLC (0002110044) (Reporting)",,,https://www.sec.gov/Archives/edgar/data/2110044/000121390026078835,https://www.sec.gov/Archives/edgar/data/2110044/000121390026078835/0001213900-26-078835-index.htm,False
4 - Mercator Acquisition Corp. (0002106436) (Issuer),4,2026-07-16 22:39:33,0001213900-26-078834,0002106436,4 - Mercator Acquisition Corp. (0002106436) (Issuer),,,https://www.sec.gov/Archives/edgar/data/2106436/000121390026078834,https://www.sec.gov/Archives/edgar/data/2106436/000121390026078834/0001213900-26-078834-index.htm,False
4 - Nash James Patrick (0002127070) (Reporting),4,2026-07-16 22:39:18,0001213900-26-078833,0002127070,4 - Nash James Patrick (0002127070) (Reporting),,,https://www.sec.gov/Archives/edgar/data/2127070/000121390026078833,https://www.sec.gov/Archives/edgar/data/2127070/000121390026078833/0001213900-26-078833-index.htm,False
4 - Schwartz Stephen Michael (0002126702) (Reporting),4,2026-07-16 22:39:01,0001213900-26-078832,0002126702,4 - Schwartz Stephen Michael (0002126702) (Reporting),,,https://www.sec.gov/Archives/edgar/data/2126702/000121390026078832,https://www.sec.gov/Archives/edgar/data/2126702/000121390026078832/0001213900-26-078832-index.htm,False
"4 - Marvell Technology, Inc. (0001835632) (Issuer)",4,2026-07-16 22:37:05,0001628280-26-048543,0001835632,"4 - Marvell Technology, Inc. (0001835632) (Issuer)",,,https://www.sec.gov/Archives/edgar/data/1835632/000162828026048543,https://www.sec.gov/Archives/edgar/data/1835632/000162828026048543/0001628280-26-048543-index.htm,False
"4 - Marvell Technology, Inc. (0001835632) (Issuer)",4,2026-07-16 22:35:10,0001628280-26-048541,0001835632,"4 - Marvell Technology, Inc. (0001835632) (Issuer)",,,https://www.sec.gov/Archives/edgar/data/1835632/000162828026048541,https://www.sec.gov/Archives/edgar/data/1835632/000162828026048541/0001628280-26-048541-index.htm,False
4 - Daubaras Darcy (0002122176) (Reporting),4,2026-07-16 22:34:16,0001062993-26-003697,0002122176,4 - Daubaras Darcy (0002122176) (Reporting),,,https://www.sec.gov/Archives/edgar/data/2122176/000106299326003697,https://www.sec.gov/Archives/edgar/data/2122176/000106299326003697/0001062993-26-003697-index.htm,False
4 - Eagle Point DIF GP I LLC (0001836609) (Reporting),4,2026-07-16 22:30:23,0001104659-26-084335,0001836609,4 - Eagle Point DIF GP I LLC (0001836609) (Reporting),,,https://www.sec.gov/Archives/edgar/data/1836609/000110465926084335,https://www.sec.gov/Archives/edgar/data/1836609/000110465926084335/0001104659-26-084335-index.htm,False
4 - BOURLA ALBERT (0001595703) (Reporting),4,2026-07-16 22:17:14,0001225208-26-006638,0001595703,4 - BOURLA ALBERT (0001595703) (Reporting),,,https://www.sec.gov/Archives/edgar/data/1595703/000122520826006638,https://www.sec.gov/Archives/edgar/data/1595703/000122520826006638/0001225208-26-006638-index.htm,False
4 - Eberwein Jeffrey E. (0001548312) (Reporting),4,2026-07-16 22:12:22,0001548312-26-000041,0001548312,4 - Eberwein Jeffrey E. (0001548312) (Reporting),,,https://www.sec.gov/Archives/edgar/data/1548312/000154831226000041,https://www.sec.gov/Archives/edgar/data/1548312/000154831226000041/0001548312-26-000041-index.htm,False
4 - Jergensen Joshua (0002014275) (Reporting),4,2026-07-16 22:12:20,0002014275-26-000010,0002014275,4 - Jergensen Joshua (0002014275) (Reporting),,,https://www.sec.gov/Archives/edgar/data/2014275/000201427526000010,https://www.sec.gov/Archives/edgar/data/2014275/000201427526000010/0002014275-26-000010-index.htm,False
4 - Hancock Mark (0002014361) (Reporting),4,2026-07-16 22:12:14,0002014361-26-000030,0002014361,4 - Hancock Mark (0002014361) (Reporting),,,https://www.sec.gov/Archives/edgar/data/2014361/000201436126000030,https://www.sec.gov/Archives/edgar/data/2014361/000201436126000030/0002014361-26-000030-index.htm,False
4 - Brightstar Lottery PLC (0001619762) (Issuer),4,2026-07-16 22:10:49,0001619762-26-000085,0001619762,4 - Brightstar Lottery PLC (0001619762) (Issuer),,,https://www.sec.gov/Archives/edgar/data/1619762/000161976226000085,https://www.sec.gov/Archives/edgar/data/1619762/000161976226000085/0001619762-26-000085-index.htm,False
4 - Chiara Massimiliano (0002112076) (Reporting),4,2026-07-16 22:09:56,0001619762-26-000084,0002112076,4 - Chiara Massimiliano (0002112076) (Reporting),,,https://www.sec.gov/Archives/edgar/data/2112076/000161976226000084,https://www.sec.gov/Archives/edgar/data/2112076/000161976226000084/0001619762-26-000084-index.htm,False
4 - Watkins Latriece (0001886367) (Reporting),4,2026-07-16 22:09:51,0001886367-26-000021,0001886367,4 - Watkins Latriece (0001886367) (Reporting),,,https://www.sec.gov/Archives/edgar/data/1886367/000188636726000021,https://www.sec.gov/Archives/edgar/data/1886367/000188636726000021/0001886367-26-000021-index.htm,False
4 - Spears Christopher Clark (0001974267) (Reporting),4,2026-07-16 22:09:09,0001619762-26-000083,0001974267,4 - Spears Christopher Clark (0001974267) (Reporting),,,https://www.sec.gov/Archives/edgar/data/1974267/000161976226000083,https://www.sec.gov/Archives/edgar/data/1974267/000161976226000083/0001619762-26-000083-index.htm,False
4 - Guggina David W (0002110304) (Reporting),4,2026-07-16 22:08:51,0002110304-26-000017,0002110304,4 - Guggina David W (0002110304) (Reporting),,,https://www.sec.gov/Archives/edgar/data/2110304/000211030426000017,https://www.sec.gov/Archives/edgar/data/2110304/000211030426000017/0002110304-26-000017-index.htm,False
4 - Dickinson Andrew D (0001310204) (Reporting),4,2026-07-16 22:08:03,0001310204-26-000022,0001310204,4 - Dickinson Andrew D (0001310204) (Reporting),,,https://www.sec.gov/Archives/edgar/data/1310204/000131020426000022,https://www.sec.gov/Archives/edgar/data/1310204/000131020426000022/0001310204-26-000022-index.htm,False
4 - Morgan David Thomas (0002118327) (Reporting),4,2026-07-16 22:08:00,0001619762-26-000082,0002118327,4 - Morgan David Thomas (0002118327) (Reporting),,,https://www.sec.gov/Archives/edgar/data/2118327/000161976226000082,https://www.sec.gov/Archives/edgar/data/2118327/000161976226000082/0001619762-26-000082-index.htm,False
4 - Tasso Marco (0002143152) (Reporting),4,2026-07-16 22:07:05,0001619762-26-000081,0002143152,4 - Tasso Marco (0002143152) (Reporting),,,https://www.sec.gov/Archives/edgar/data/2143152/000161976226000081,https://www.sec.gov/Archives/edgar/data/2143152/000161976226000081/0001619762-26-000081-index.htm,False
4 - Brightstar Lottery PLC (0001619762) (Issuer),4,2026-07-16 22:06:02,0001619762-26-000080,0001619762,4 - Brightstar Lottery PLC (0001619762) (Issuer),,,https://www.sec.gov/Archives/edgar/data/1619762/000161976226000080,https://www.sec.gov/Archives/edgar/data/1619762/000161976226000080/0001619762-26-000080-index.htm,False
4 - Diameter Dynamic Credit Fund (0002067955) (Issuer),4,2026-07-16 22:05:43,0001193125-26-306347,0002067955,4 - Diameter Dynamic Credit Fund (0002067955) (Issuer),,,https://www.sec.gov/Archives/edgar/data/2067955/000119312526306347,https://www.sec.gov/Archives/edgar/data/2067955/000119312526306347/0001193125-26-306347-index.htm,False
4 - Milum Dwayne M (0002110643) (Reporting),4,2026-07-16 22:05:11,0002110643-26-000014,0002110643,4 - Milum Dwayne M (0002110643) (Reporting),,,https://www.sec.gov/Archives/edgar/data/2110643/000211064326000014,https://www.sec.gov/Archives/edgar/data/2110643/000211064326000014/0002110643-26-000014-index.htm,False
4 - Dallaire Seth (0002058309) (Reporting),4,2026-07-16 22:03:59,0002058309-26-000014,0002058309,4 - Dallaire Seth (0002058309) (Reporting),,,https://www.sec.gov/Archives/edgar/data/2058309/000205830926000014,https://www.sec.gov/Archives/edgar/data/2058309/000205830926000014/0002058309-26-000014-index.htm,False
4 - Walt Disney Co (0001744489) (Issuer),4,2026-07-16 22:03:03,0001628280-26-048537,0001744489,4 - Walt Disney Co (0001744489) (Issuer),,,https://www.sec.gov/Archives/edgar/data/1744489/000162828026048537,https://www.sec.gov/Archives/edgar/data/1744489/000162828026048537/0001628280-26-048537-index.htm,False
4 - RAUF ZAMIR (0001437010) (Reporting),4,2026-07-16 22:03:01,0001437010-26-000008,0001437010,4 - RAUF ZAMIR (0001437010) (Reporting),,,https://www.sec.gov/Archives/edgar/data/1437010/000143701026000008,https://www.sec.gov/Archives/edgar/data/1437010/000143701026000008/0001437010-26-000008-index.htm,False
4 - Roeder Paul M (0002121555) (Reporting),4,2026-07-16 22:02:55,0001628280-26-048536,0002121555,4 - Roeder Paul M (0002121555) (Reporting),,,https://www.sec.gov/Archives/edgar/data/2121555/000162828026048536,https://www.sec.gov/Archives/edgar/data/2121555/000162828026048536/0001628280-26-048536-index.htm,False
"4 - Cheniere Energy Partners, L.P. (0001383650) (Issuer)",4,2026-07-16 22:02:08,0001319731-26-000003,0001383650,"4 - Cheniere Energy Partners, L.P. (0001383650) (Issuer)",,,https://www.sec.gov/Archives/edgar/data/1383650/000131973126000003,https://www.sec.gov/Archives/edgar/data/1383650/000131973126000003/0001319731-26-000003-index.htm,False
4 - Vitalone Britt J. (0001727010) (Reporting),4,2026-07-16 22:01:52,0001727010-26-000007,0001727010,4 - Vitalone Britt J. (0001727010) (Reporting),,,https://www.sec.gov/Archives/edgar/data/1727010/000172701026000007,https://www.sec.gov/Archives/edgar/data/1727010/000172701026000007/0001727010-26-000007-index.htm,False
4 - Friedland Michael Lawrence (0002129037) (Reporting),4,2026-07-16 22:00:18,0001193125-26-306341,0002129037,4 - Friedland Michael Lawrence (0002129037) (Reporting),,,https://www.sec.gov/Archives/edgar/data/2129037/000119312526306341,https://www.sec.gov/Archives/edgar/data/2129037/000119312526306341/0001193125-26-306341-index.htm,False
4 - Tennican Elizabeth (0001830747) (Reporting),4,2026-07-16 22:00:16,0001193125-26-306340,0001830747,4 - Tennican Elizabeth (0001830747) (Reporting),,,https://www.sec.gov/Archives/edgar/data/1830747/000119312526306340,https://www.sec.gov/Archives/edgar/data/1830747/000119312526306340/0001193125-26-306340-index.htm,False
"4 - Four Corners Property Trust, Inc. (0001650132) (Issuer)",4,2026-07-16 22:00:15,0001193125-26-306338,0001650132,"4 - Four Corners Property Trust, Inc. (0001650132) (Issuer)",,,https://www.sec.gov/Archives/edgar/data/1650132/000119312526306338,https://www.sec.gov/Archives/edgar/data/1650132/000119312526306338/0001193125-26-306338-index.htm,False
4 - Wernig Patrick L. (0002022038) (Reporting),4,2026-07-16 22:00:13,0001193125-26-306339,0002022038,4 - Wernig Patrick L. (0002022038) (Reporting),,,https://www.sec.gov/Archives/edgar/data/2022038/000119312526306339,https://www.sec.gov/Archives/edgar/data/2022038/000119312526306339/0001193125-26-306339-index.htm,False
4 - Jesuele Barbara Angelica Faylona (0001968467) (Reporting),4,2026-07-16 22:00:12,0001193125-26-306337,0001968467,4 - Jesuele Barbara Angelica Faylona (0001968467) (Reporting),,,https://www.sec.gov/Archives/edgar/data/1968467/000119312526306337,https://www.sec.gov/Archives/edgar/data/1968467/000119312526306337/0001193125-26-306337-index.htm,False
"4 - Four Corners Property Trust, Inc. (0001650132) (Issuer)",4,2026-07-16 22:00:10,0001193125-26-306336,0001650132,"4 - Four Corners Property Trust, Inc. (0001650132) (Issuer)",,,https://www.sec.gov/Archives/edgar/data/1650132/000119312526306336,https://www.sec.gov/Archives/edgar/data/1650132/000119312526306336/0001193125-26-306336-index.htm,False
4 - Jemley Charles (0001716761) (Reporting),4,2026-07-16 22:00:09,0001193125-26-306335,0001716761,4 - Jemley Charles (0001716761) (Reporting),,,https://www.sec.gov/Archives/edgar/data/1716761/000119312526306335,https://www.sec.gov/Archives/edgar/data/1716761/000119312526306335/0001193125-26-306335-index.htm,False
"4 - Four Corners Property Trust, Inc. (0001650132) (Issuer)",4,2026-07-16 22:00:07,0001193125-26-306334,0001650132,"4 - Four Corners Property Trust, Inc. (0001650132) (Issuer)",,,https://www.sec.gov/Archives/edgar/data/1650132/000119312526306334,https://www.sec.gov/Archives/edgar/data/1650132/000119312526306334/0001193125-26-306334-index.htm,False
4 - Stewart Niccole (0001729477) (Reporting),4,2026-07-16 22:00:06,0001193125-26-306333,0001729477,4 - Stewart Niccole (0001729477) (Reporting),,,https://www.sec.gov/Archives/edgar/data/1729477/000119312526306333,https://www.sec.gov/Archives/edgar/data/1729477/000119312526306333/0001193125-26-306333-index.htm,False
4 - Steele Toni S (0001831520) (Reporting),4,2026-07-16 22:00:04,0001193125-26-306332,0001831520,4 - Steele Toni S (0001831520) (Reporting),,,https://www.sec.gov/Archives/edgar/data/1831520/000119312526306332,https://www.sec.gov/Archives/edgar/data/1831520/000119312526306332/0001193125-26-306332-index.htm,False
4 - Brat James L (0001657446) (Reporting),4,2026-07-16 22:00:02,0001193125-26-306331,0001657446,4 - Brat James L (0001657446) (Reporting),,,https://www.sec.gov/Archives/edgar/data/1657446/000119312526306331,https://www.sec.gov/Archives/edgar/data/1657446/000119312526306331/0001193125-26-306331-index.htm,False
4 - Shackley Brian Charles (0001790261) (Reporting),4,2026-07-16 21:52:34,0001790261-26-000016,0001790261,4 - Shackley Brian Charles (0001790261) (Reporting),,,https://www.sec.gov/Archives/edgar/data/1790261/000179026126000016,https://www.sec.gov/Archives/edgar/data/1790261/000179026126000016/0001790261-26-000016-index.htm,False
4/A - Shackley Brian Charles (0001790261) (Reporting),4/A,2026-07-16 21:48:58,0001790261-26-000014,0001790261,4/A - Shackley Brian Charles (0001790261) (Reporting),,,https://www.sec.gov/Archives/edgar/data/1790261/000179026126000014,https://www.sec.gov/Archives/edgar/data/1790261/000179026126000014/0001790261-26-000014-index.htm,True
4 - ARMSTRONG  D GEOFFREY (0001162953) (Reporting),4,2026-07-16 21:48:44,0001162953-26-000005,0001162953,4 - ARMSTRONG  D GEOFFREY (0001162953) (Reporting),,,https://www.sec.gov/Archives/edgar/data/1162953/000116295326000005,https://www.sec.gov/Archives/edgar/data/1162953/000116295326000005/0001162953-26-000005-index.htm,False
4 - Hoffman Edward J (0001439483) (Reporting),4,2026-07-16 21:44:38,0000890926-26-000132,0001439483,4 - Hoffman Edward J (0001439483) (Reporting),,,https://www.sec.gov/Archives/edgar/data/1439483/000089092626000132,https://www.sec.gov/Archives/edgar/data/1439483/000089092626000132/0000890926-26-000132-index.htm,False
4 - Celcuity Inc. (0001603454) (Issuer),4,2026-07-16 21:42:18,0001193125-26-306299,0001603454,4 - Celcuity Inc. (0001603454) (Issuer),,,https://www.sec.gov/Archives/edgar/data/1603454/000119312526306299,https://www.sec.gov/Archives/edgar/data/1603454/000119312526306299/0001193125-26-306299-index.htm,False
4 - Livingston III Homer John (0002140145) (Reporting),4,2026-07-16 21:40:34,0000897069-26-001518,0002140145,4 - Livingston III Homer John (0002140145) (Reporting),,,https://www.sec.gov/Archives/edgar/data/2140145/000089706926001518,https://www.sec.gov/Archives/edgar/data/2140145/000089706926001518/0000897069-26-001518-index.htm,False
4 - Jamil Khurram (0002032345) (Reporting),4,2026-07-16 21:39:50,0001133416-26-000063,0002032345,4 - Jamil Khurram (0002032345) (Reporting),,,https://www.sec.gov/Archives/edgar/data/2032345/000113341626000063,https://www.sec.gov/Archives/edgar/data/2032345/000113341626000063/0001133416-26-000063-index.htm,False
4 - Hansen Cynthia L (0001629601) (Reporting),4,2026-07-16 21:38:58,0000897069-26-001516,0001629601,4 - Hansen Cynthia L (0001629601) (Reporting),,,https://www.sec.gov/Archives/edgar/data/1629601/000089706926001516,https://www.sec.gov/Archives/edgar/data/1629601/000089706926001516/0000897069-26-001516-index.htm,False
4 - Cholawsky Elizabeth (0001608771) (Reporting),4,2026-07-16 21:36:46,0001608771-26-000002,0001608771,4 - Cholawsky Elizabeth (0001608771) (Reporting),,,https://www.sec.gov/Archives/edgar/data/1608771/000160877126000002,https://www.sec.gov/Archives/edgar/data/1608771/000160877126000002/0001608771-26-000002-index.htm,False
4 - England James Herbert (0001437823) (Reporting),4,2026-07-16 21:36:43,0000897069-26-001514,0001437823,4 - England James Herbert (0001437823) (Reporting),,,https://www.sec.gov/Archives/edgar/data/1437823/000089706926001514,https://www.sec.gov/Archives/edgar/data/1437823/000089706926001514/0000897069-26-001514-index.htm,False
4 - WOOD PHOEBE A (0001197233) (Reporting),4,2026-07-16 21:34:58,0000058492-26-000411,0001197233,4 - WOOD PHOEBE A (0001197233) (Reporting),,,https://www.sec.gov/Archives/edgar/data/1197233/000005849226000411,https://www.sec.gov/Archives/edgar/data/1197233/000005849226000411/0000058492-26-000411-index.htm,False
4 - Fishman Robert P (0001399744) (Reporting),4,2026-07-16 21:34:43,0000897069-26-001512,0001399744,4 - Fishman Robert P (0001399744) (Reporting),,,https://www.sec.gov/Archives/edgar/data/1399744/000089706926001512,https://www.sec.gov/Archives/edgar/data/1399744/000089706926001512/0000897069-26-001512-index.htm,False
4 - Miller Michael Francis (0002120516) (Reporting),4,2026-07-16 21:33:41,0002120516-26-000013,0002120516,4 - Miller Michael Francis (0002120516) (Reporting),,,https://www.sec.gov/Archives/edgar/data/2120516/000212051626000013,https://www.sec.gov/Archives/edgar/data/2120516/000212051626000013/0002120516-26-000013-index.htm,False
4 - Biglari Reinsurance Ltd. (0002035328) (Reporting),4,2026-07-16 21:33:39,0000921895-26-001825,0002035328,4 - Biglari Reinsurance Ltd. (0002035328) (Reporting),,,https://www.sec.gov/Archives/edgar/data/2035328/000092189526001825,https://www.sec.gov/Archives/edgar/data/2035328/000092189526001825/0000921895-26-001825-index.htm,False
4 - Shah Jai (0001554872) (Reporting),4,2026-07-16 21:33:14,0000058492-26-000410,0001554872,4 - Shah Jai (0001554872) (Reporting),,,https://www.sec.gov/Archives/edgar/data/1554872/000005849226000410,https://www.sec.gov/Archives/edgar/data/1554872/000005849226000410/0000058492-26-000410-index.htm,False
4 - McMaster Herbert Raymond (0001811490) (Reporting),4,2026-07-16 21:32:36,0001585521-26-000106,0001811490,4 - McMaster Herbert Raymond (0001811490) (Reporting),,,https://www.sec.gov/Archives/edgar/data/1811490/000158552126000106,https://www.sec.gov/Archives/edgar/data/1811490/000158552126000106/0001585521-26-000106-index.htm,False
4 - Zuhlke Nicholas (0002081529) (Reporting),4,2026-07-16 21:32:26,0000055135-26-000156,0002081529,4 - Zuhlke Nicholas (0002081529) (Reporting),,,https://www.sec.gov/Archives/edgar/data/2081529/000005513526000156,https://www.sec.gov/Archives/edgar/data/2081529/000005513526000156/0000055135-26-000156-index.htm,False
4 - JONES TERRY L (0001156180) (Reporting),4,2026-07-16 21:32:03,0001156180-26-000001,0001156180,4 - JONES TERRY L (0001156180) (Reporting),,,https://www.sec.gov/Archives/edgar/data/1156180/000115618026000001,https://www.sec.gov/Archives/edgar/data/1156180/000115618026000001/0001156180-26-000001-index.htm,False
4 - Faessler Jason F. (0002141457) (Reporting),4,2026-07-16 21:31:47,0002141457-26-000002,0002141457,4 - Faessler Jason F. (0002141457) (Reporting),,,https://www.sec.gov/Archives/edgar/data/2141457/000214145726000002,https://www.sec.gov/Archives/edgar/data/2141457/000214145726000002/0002141457-26-000002-index.htm,False
4 - Intrator Michael N (0002058037) (Reporting),4,2026-07-16 21:31:02,0001769628-26-000322,0002058037,4 - Intrator Michael N (0002058037) (Reporting),,,https://www.sec.gov/Archives/edgar/data/2058037/000176962826000322,https://www.sec.gov/Archives/edgar/data/2058037/000176962826000322/0001769628-26-000322-index.htm,False
4 - Clark Carine S. (0001771512) (Reporting),4,2026-07-16 21:30:53,0001628280-26-048530,0001771512,4 - Clark Carine S. (0001771512) (Reporting),,,https://www.sec.gov/Archives/edgar/data/1771512/000162828026048530,https://www.sec.gov/Archives/edgar/data/1771512/000162828026048530/0001628280-26-048530-index.htm,False
4 - SLESSOR MIKE (0001590177) (Reporting),4,2026-07-16 21:30:43,0001628280-26-048529,0001590177,4 - SLESSOR MIKE (0001590177) (Reporting),,,https://www.sec.gov/Archives/edgar/data/1590177/000162828026048529,https://www.sec.gov/Archives/edgar/data/1590177/000162828026048529/0001628280-26-048529-index.htm,False
4 - Daniel Daniel David III (0001774549) (Reporting),4,2026-07-16 21:30:16,0001628280-26-048528,0001774549,4 - Daniel Daniel David III (0001774549) (Reporting),,,https://www.sec.gov/Archives/edgar/data/1774549/000162828026048528,https://www.sec.gov/Archives/edgar/data/1774549/000162828026048528/0001628280-26-048528-index.htm,False
4 - Malik Astha (0002060697) (Reporting),4,2026-07-16 21:29:50,0002060697-26-000010,0002060697,4 - Malik Astha (0002060697) (Reporting),,,https://www.sec.gov/Archives/edgar/data/2060697/000206069726000010,https://www.sec.gov/Archives/edgar/data/2060697/000206069726000010/0002060697-26-000010-index.htm,False
4 - Jolley David R (0001972400) (Reporting),4,2026-07-16 21:28:30,0001628280-26-048526,0001972400,4 - Jolley David R (0001972400) (Reporting),,,https://www.sec.gov/Archives/edgar/data/1972400/000162828026048526,https://www.sec.gov/Archives/edgar/data/1972400/000162828026048526/0001628280-26-048526-index.htm,False
4 - Padmanabhan Srikanth (0001671209) (Reporting),4,2026-07-16 21:28:19,0000058492-26-000409,0001671209,4 - Padmanabhan Srikanth (0001671209) (Reporting),,,https://www.sec.gov/Archives/edgar/data/1671209/000005849226000409,https://www.sec.gov/Archives/edgar/data/1671209/000005849226000409/0000058492-26-000409-index.htm,False
4 - KEARL JEFF (0001521855) (Reporting),4,2026-07-16 21:27:45,0001628280-26-048525,0001521855,4 - KEARL JEFF (0001521855) (Reporting),,,https://www.sec.gov/Archives/edgar/data/1521855/000162828026048525,https://www.sec.gov/Archives/edgar/data/1521855/000162828026048525/0001628280-26-048525-index.htm,False
4 - Soto Renee (0001969383) (Reporting),4,2026-07-16 21:26:58,0001628280-26-048524,0001969383,4 - Soto Renee (0001969383) (Reporting),,,https://www.sec.gov/Archives/edgar/data/1969383/000162828026048524,https://www.sec.gov/Archives/edgar/data/1969383/000162828026048524/0001628280-26-048524-index.htm,False
4 - MCCLANATHAN JOSEPH W (0001182964) (Reporting),4,2026-07-16 21:26:45,0000058492-26-000408,0001182964,4 - MCCLANATHAN JOSEPH W (0001182964) (Reporting),,,https://www.sec.gov/Archives/edgar/data/1182964/000005849226000408,https://www.sec.gov/Archives/edgar/data/1182964/000005849226000408/0000058492-26-000408-index.htm,False
"4 - URBAN ONE, INC. (0001041657) (Issuer)",4,2026-07-16 21:26:15,0001032988-26-000001,0001041657,"4 - URBAN ONE, INC. (0001041657) (Issuer)",,,https://www.sec.gov/Archives/edgar/data/1041657/000103298826000001,https://www.sec.gov/Archives/edgar/data/1041657/000103298826000001/0001032988-26-000001-index.htm,False
4 - Strong Dan (0001582144) (Reporting),4,2026-07-16 21:26:10,0001628280-26-048522,0001582144,4 - Strong Dan (0001582144) (Reporting),,,https://www.sec.gov/Archives/edgar/data/1582144/000162828026048522,https://www.sec.gov/Archives/edgar/data/1582144/000162828026048522/0001628280-26-048522-index.htm,False
4 - Wright Ryan (0002061538) (Reporting),4,2026-07-16 21:25:07,0001628280-26-048520,0002061538,4 - Wright Ryan (0002061538) (Reporting),,,https://www.sec.gov/Archives/edgar/data/2061538/000162828026048520,https://www.sec.gov/Archives/edgar/data/2061538/000162828026048520/0001628280-26-048520-index.htm,False
4 - CAMPBELL MARYELIZABETH R (0001791961) (Reporting),4,2026-07-16 21:24:39,0000058492-26-000407,0001791961,4 - CAMPBELL MARYELIZABETH R (0001791961) (Reporting),,,https://www.sec.gov/Archives/edgar/data/1791961/000005849226000407,https://www.sec.gov/Archives/edgar/data/1791961/000005849226000407/0000058492-26-000407-index.htm,False
4 - Bertsch Jan (0001477291) (Reporting),4,2026-07-16 21:20:21,0000082811-26-000215,0001477291,4 - Bertsch Jan (0001477291) (Reporting),,,https://www.sec.gov/Archives/edgar/data/1477291/000008281126000215,https://www.sec.gov/Archives/edgar/data/1477291/000008281126000215/0000082811-26-000215-index.htm,False
4 - Hilton Michael F (0001374208) (Reporting),4,2026-07-16 21:20:14,0000082811-26-000214,0001374208,4 - Hilton Michael F (0001374208) (Reporting),,,https://www.sec.gov/Archives/edgar/data/1374208/000008281126000214,https://www.sec.gov/Archives/edgar/data/1374208/000008281126000214/0000082811-26-000214-index.htm,False
4 - Paul Aamir (0002140629) (Reporting),4,2026-07-16 21:20:08,0000082811-26-000213,0002140629,4 - Paul Aamir (0002140629) (Reporting),,,https://www.sec.gov/Archives/edgar/data/2140629/000008281126000213,https://www.sec.gov/Archives/edgar/data/2140629/000008281126000213/0000082811-26-000213-index.htm,False
4 - Gravier Pierre (0001984065) (Reporting),4,2026-07-16 21:20:06,0001984065-26-000008,0001984065,4 - Gravier Pierre (0001984065) (Reporting),,,https://www.sec.gov/Archives/edgar/data/1984065/000198406526000008,https://www.sec.gov/Archives/edgar/data/1984065/000198406526000008/0001984065-26-000008-index.htm,False
4 - Walker-Lee Robin A (0001483329) (Reporting),4,2026-07-16 21:19:59,0000082811-26-000212,0001483329,4 - Walker-Lee Robin A (0001483329) (Reporting),,,https://www.sec.gov/Archives/edgar/data/1483329/000008281126000212,https://www.sec.gov/Archives/edgar/data/1483329/000008281126000212/0000082811-26-000212-index.htm,False
4 - Rehard Robert (0001632039) (Reporting),4,2026-07-16 21:19:51,0000082811-26-000211,0001632039,4 - Rehard Robert (0001632039) (Reporting),,,https://www.sec.gov/Archives/edgar/data/1632039/000008281126000211,https://www.sec.gov/Archives/edgar/data/1632039/000008281126000211/0000082811-26-000211-index.htm,False
4 - CRANDALL  THEODORE D (0001278026) (Reporting),4,2026-07-16 21:19:45,0000082811-26-000210,0001278026,4 - CRANDALL  THEODORE D (0001278026) (Reporting),,,https://www.sec.gov/Archives/edgar/data/1278026/000008281126000210,https://www.sec.gov/Archives/edgar/data/1278026/000008281126000210/0000082811-26-000210-index.htm,False
4 - Burt Stephen M (0001497495) (Reporting),4,2026-07-16 21:19:39,0000082811-26-000209,0001497495,4 - Burt Stephen M (0001497495) (Reporting),,,https://www.sec.gov/Archives/edgar/data/1497495/000008281126000209,https://www.sec.gov/Archives/edgar/data/1497495/000008281126000209/0000082811-26-000209-index.htm,False
4 - Stein A William (0001307117) (Reporting),4,2026-07-16 21:19:35,0001070750-26-000119,0001307117,4 - Stein A William (0001307117) (Reporting),,,https://www.sec.gov/Archives/edgar/data/1307117/000107075026000119,https://www.sec.gov/Archives/edgar/data/1307117/000107075026000119/0001070750-26-000119-index.htm,False
4 - Lewis Cheryl (0001805054) (Reporting),4,2026-07-16 21:19:32,0000082811-26-000208,0001805054,4 - Lewis Cheryl (0001805054) (Reporting),,,https://www.sec.gov/Archives/edgar/data/1805054/000008281126000208,https://www.sec.gov/Archives/edgar/data/1805054/000008281126000208/0000082811-26-000208-index.htm,False
4 - DOSS MICHAEL P (0001373483) (Reporting),4,2026-07-16 21:19:24,0000082811-26-000207,0001373483,4 - DOSS MICHAEL P (0001373483) (Reporting),,,https://www.sec.gov/Archives/edgar/data/1373483/000008281126000207,https://www.sec.gov/Archives/edgar/data/1373483/000008281126000207/0000082811-26-000207-index.htm,False
4 - Thompson Jeffrey M (0001397565) (Reporting),4,2026-07-16 21:19:22,0001628280-26-048517,0001397565,4 - Thompson Jeffrey M (0001397565) (Reporting),,,https://www.sec.gov/Archives/edgar/data/1397565/000162828026048517,https://www.sec.gov/Archives/edgar/data/1397565/000162828026048517/0001628280-26-048517-index.htm,False
4 - Smith Gordon H (0001468027) (Reporting),4,2026-07-16 21:19:18,0001070750-26-000118,0001468027,4 - Smith Gordon H (0001468027) (Reporting),,,https://www.sec.gov/Archives/edgar/data/1468027/000107075026000118,https://www.sec.gov/Archives/edgar/data/1468027/000107075026000118/0001070750-26-000118-index.htm,False
4 - SACHDEV RAKESH (0001259543) (Reporting),4,2026-07-16 21:19:16,0000082811-26-000206,0001259543,4 - SACHDEV RAKESH (0001259543) (Reporting),,,https://www.sec.gov/Archives/edgar/data/1259543/000008281126000206,https://www.sec.gov/Archives/edgar/data/1259543/000008281126000206/0000082811-26-000206-index.htm,False
4 - Klossner Mark (0002135722) (Reporting),4,2026-07-16 21:19:01,0000082811-26-000205,0002135722,4 - Klossner Mark (0002135722) (Reporting),,,https://www.sec.gov/Archives/edgar/data/2135722/000008281126000205,https://www.sec.gov/Archives/edgar/data/2135722/000008281126000205/0000082811-26-000205-index.htm,False
4 - Preusse Mary Hogan (0001697749) (Reporting),4,2026-07-16 21:18:59,0001070750-26-000117,0001697749,4 - Preusse Mary Hogan (0001697749) (Reporting),,,https://www.sec.gov/Archives/edgar/data/1697749/000107075026000117,https://www.sec.gov/Archives/edgar/data/1697749/000107075026000117/0001070750-26-000117-index.htm,False
4 - Scarpelli Alexander P (0001952898) (Reporting),4,2026-07-16 21:18:53,0000082811-26-000204,0001952898,4 - Scarpelli Alexander P (0001952898) (Reporting),,,https://www.sec.gov/Archives/edgar/data/1952898/000008281126000204,https://www.sec.gov/Archives/edgar/data/1952898/000008281126000204/0000082811-26-000204-index.htm,False
4 - Lang Brooke (0001967950) (Reporting),4,2026-07-16 21:18:45,0000082811-26-000203,0001967950,4 - Lang Brooke (0001967950) (Reporting),,,https://www.sec.gov/Archives/edgar/data/1967950/000008281126000203,https://www.sec.gov/Archives/edgar/data/1967950/000008281126000203/0000082811-26-000203-index.htm,False
4 - Dubovoy Hugo Jr. (0002020561) (Reporting),4,2026-07-16 21:18:39,0000082811-26-000202,0002020561,4 - Dubovoy Hugo Jr. (0002020561) (Reporting),,,https://www.sec.gov/Archives/edgar/data/2020561/000008281126000202,https://www.sec.gov/Archives/edgar/data/2020561/000008281126000202/0000082811-26-000202-index.htm,False
4 - LAING DIANA (0001266612) (Reporting),4,2026-07-16 21:18:33,0001070750-26-000116,0001266612,4 - LAING DIANA (0001266612) (Reporting),,,https://www.sec.gov/Archives/edgar/data/1266612/000107075026000116,https://www.sec.gov/Archives/edgar/data/1266612/000107075026000116/0001070750-26-000116-index.htm,False
4 - STOELTING CURTIS W (0001193424) (Reporting),4,2026-07-16 21:18:31,0000082811-26-000201,0001193424,4 - STOELTING CURTIS W (0001193424) (Reporting),,,https://www.sec.gov/Archives/edgar/data/1193424/000008281126000201,https://www.sec.gov/Archives/edgar/data/1193424/000008281126000201/0000082811-26-000201-index.htm,False
4 - Dickson Timothy A. (0001997751) (Reporting),4,2026-07-16 21:18:26,0000082811-26-000200,0001997751,4 - Dickson Timothy A. (0001997751) (Reporting),,,https://www.sec.gov/Archives/edgar/data/1997751/000008281126000200,https://www.sec.gov/Archives/edgar/data/1997751/000008281126000200/0000082811-26-000200-index.htm,False
4 - Hodge Rashida A (0002057995) (Reporting),4,2026-07-16 21:18:21,0000082811-26-000199,0002057995,4 - Hodge Rashida A (0002057995) (Reporting),,,https://www.sec.gov/Archives/edgar/data/2057995/000008281126000199,https://www.sec.gov/Archives/edgar/data/2057995/000008281126000199/0000082811-26-000199-index.htm,False
4 - Long Kevin (0002089525) (Reporting),4,2026-07-16 21:18:16,0000082811-26-000198,0002089525,4 - Long Kevin (0002089525) (Reporting),,,https://www.sec.gov/Archives/edgar/data/2089525/000008281126000198,https://www.sec.gov/Archives/edgar/data/2089525/000008281126000198/0000082811-26-000198-index.htm,False
4 - BAGLIVO MARY (0001403594) (Reporting),4,2026-07-16 21:18:13,0001070750-26-000115,0001403594,4 - BAGLIVO MARY (0001403594) (Reporting),,,https://www.sec.gov/Archives/edgar/data/1403594/000107075026000115,https://www.sec.gov/Archives/edgar/data/1403594/000107075026000115/0001070750-26-000115-index.htm,False
4 - Brunner Robert E (0001380372) (Reporting),4,2026-07-16 21:18:12,0000058492-26-000406,0001380372,4 - Brunner Robert E (0001380372) (Reporting),,,https://www.sec.gov/Archives/edgar/data/1380372/000005849226000406,https://www.sec.gov/Archives/edgar/data/1380372/000005849226000406/0000058492-26-000406-index.htm,False
4 - Kurtenbach Matthew John (0001585065) (Reporting),4,2026-07-16 21:18:10,0001628280-26-048514,0001585065,4 - Kurtenbach Matthew John (0001585065) (Reporting),,,https://www.sec.gov/Archives/edgar/data/1585065/000162828026048514,https://www.sec.gov/Archives/edgar/data/1585065/000162828026048514/0001628280-26-048514-index.htm,False
4 - BAKKER GERBEN (0001598223) (Reporting),4,2026-07-16 21:18:09,0000082811-26-000197,0001598223,4 - BAKKER GERBEN (0001598223) (Reporting),,,https://www.sec.gov/Archives/edgar/data/1598223/000008281126000197,https://www.sec.gov/Archives/edgar/data/1598223/000008281126000197/0000082811-26-000197-index.htm,False
4 - Morton Jerrald R (0001801670) (Reporting),4,2026-07-16 21:18:03,0000082811-26-000196,0001801670,4 - Morton Jerrald R (0001801670) (Reporting),,,https://www.sec.gov/Archives/edgar/data/1801670/000008281126000196,https://www.sec.gov/Archives/edgar/data/1801670/000008281126000196/0000082811-26-000196-index.htm,False
4 - Wendler Brett David (0002130344) (Reporting),4,2026-07-16 21:16:59,0001628280-26-048513,0002130344,4 - Wendler Brett David (0002130344) (Reporting),,,https://www.sec.gov/Archives/edgar/data/2130344/000162828026048513,https://www.sec.gov/Archives/edgar/data/2130344/000162828026048513/0001628280-26-048513-index.htm,False
4 - Steinmetz Mari (0002117741) (Reporting),4,2026-07-16 21:16:49,0000885639-26-000134,0002117741,4 - Steinmetz Mari (0002117741) (Reporting),,,https://www.sec.gov/Archives/edgar/data/2117741/000088563926000134,https://www.sec.gov/Archives/edgar/data/2117741/000088563926000134/0000885639-26-000134-index.htm,False
4 - BARBEE ANGELA (0001915962) (Reporting),4,2026-07-16 21:16:09,0000058492-26-000405,0001915962,4 - BARBEE ANGELA (0001915962) (Reporting),,,https://www.sec.gov/Archives/edgar/data/1915962/000005849226000405,https://www.sec.gov/Archives/edgar/data/1915962/000005849226000405/0000058492-26-000405-index.htm,False
4 - Jayaraman Ramesh (0002100961) (Reporting),4,2026-07-16 21:15:31,0001628280-26-048512,0002100961,4 - Jayaraman Ramesh (0002100961) (Reporting),,,https://www.sec.gov/Archives/edgar/data/2100961/000162828026048512,https://www.sec.gov/Archives/edgar/data/2100961/000162828026048512/0001628280-26-048512-index.htm,False
"4 - Eton Pharmaceuticals, Inc. (0001710340) (Issuer)",4,2026-07-16 21:14:32,0001493152-26-033577,0001710340,"4 - Eton Pharmaceuticals, Inc. (0001710340) (Issuer)",,,https://www.sec.gov/Archives/edgar/data/1710340/000149315226033577,https://www.sec.gov/Archives/edgar/data/1710340/000149315226033577/0001493152-26-033577-index.htm,False
4 - Anderson Sheila Mae (0001558306) (Reporting),4,2026-07-16 21:14:18,0001628280-26-048511,0001558306,4 - Anderson Sheila Mae (0001558306) (Reporting),,,https://www.sec.gov/Archives/edgar/data/1558306/000162828026048511,https://www.sec.gov/Archives/edgar/data/1558306/000162828026048511/0001628280-26-048511-index.htm,False
4 - Mueller David J (0001672825) (Reporting),4,2026-07-16 21:14:14,0001672825-26-000006,0001672825,4 - Mueller David J (0001672825) (Reporting),,,https://www.sec.gov/Archives/edgar/data/1672825/000167282526000006,https://www.sec.gov/Archives/edgar/data/1672825/000167282526000006/0001672825-26-000006-index.htm,False
4 - Choudary Kiran Kumar (0002020220) (Reporting),4,2026-07-16 21:13:54,0002020220-26-000018,0002020220,4 - Choudary Kiran Kumar (0002020220) (Reporting),,,https://www.sec.gov/Archives/edgar/data/2020220/000202022026000018,https://www.sec.gov/Archives/edgar/data/2020220/000202022026000018/0002020220-26-000018-index.htm,False
4 - Eisen Anthony Mathew (0001933928) (Reporting),4,2026-07-16 21:13:04,0001628280-26-048510,0001933928,4 - Eisen Anthony Mathew (0001933928) (Reporting),,,https://www.sec.gov/Archives/edgar/data/1933928/000162828026048510,https://www.sec.gov/Archives/edgar/data/1933928/000162828026048510/0001628280-26-048510-index.htm,False
4 - Real Asset Acquisition Corp. (0002052161) (Issuer),4,2026-07-16 21:12:41,0001213900-26-078780,0002052161,4 - Real Asset Acquisition Corp. (0002052161) (Issuer),,,https://www.sec.gov/Archives/edgar/data/2052161/000121390026078780,https://www.sec.gov/Archives/edgar/data/2052161/000121390026078780/0001213900-26-078780-index.htm,False
4 - RAAQ Sponsor LLC (0002064734) (Reporting),4,2026-07-16 21:12:28,0001213900-26-078778,0002064734,4 - RAAQ Sponsor LLC (0002064734) (Reporting),,,https://www.sec.gov/Archives/edgar/data/2064734/000121390026078778,https://www.sec.gov/Archives/edgar/data/2064734/000121390026078778/0001213900-26-078778-index.htm,False
4 - NEAL ROBERT (0002065096) (Reporting),4,2026-07-16 21:12:13,0001213900-26-078775,0002065096,4 - NEAL ROBERT (0002065096) (Reporting),,,https://www.sec.gov/Archives/edgar/data/2065096/000121390026078775,https://www.sec.gov/Archives/edgar/data/2065096/000121390026078775/0001213900-26-078775-index.htm,False
4 - Munemori Eduardo (0002066143) (Reporting),4,2026-07-16 21:11:59,0001213900-26-078773,0002066143,4 - Munemori Eduardo (0002066143) (Reporting),,,https://www.sec.gov/Archives/edgar/data/2066143/000121390026078773,https://www.sec.gov/Archives/edgar/data/2066143/000121390026078773/0001213900-26-078773-index.htm,False
4 - MCNEILL BRIAN W (0001208931) (Reporting),4,2026-07-16 21:10:22,0001208931-26-000001,0001208931,4 - MCNEILL BRIAN W (0001208931) (Reporting),,,https://www.sec.gov/Archives/edgar/data/1208931/000120893126000001,https://www.sec.gov/Archives/edgar/data/1208931/000120893126000001/0001208931-26-000001-index.htm,False
4 - Butcher Benjamin S (0001517406) (Reporting),4,2026-07-16 21:09:46,0001517406-26-000012,0001517406,4 - Butcher Benjamin S (0001517406) (Reporting),,,https://www.sec.gov/Archives/edgar/data/1517406/000151740626000012,https://www.sec.gov/Archives/edgar/data/1517406/000151740626000012/0001517406-26-000012-index.htm,False
"4 - Clear Secure, Inc. (0001856314) (Issuer)",4,2026-07-16 21:09:44,0001466453-26-000025,0001856314,"4 - Clear Secure, Inc. (0001856314) (Issuer)",,,https://www.sec.gov/Archives/edgar/data/1856314/000146645326000025,https://www.sec.gov/Archives/edgar/data/1856314/000146645326000025/0001466453-26-000025-index.htm,False
"4 - Alclear Investments, LLC (0001869246) (Reporting)",4,2026-07-16 21:09:23,0001869246-26-000017,0001869246,"4 - Alclear Investments, LLC (0001869246) (Reporting)",,,https://www.sec.gov/Archives/edgar/data/1869246/000186924626000017,https://www.sec.gov/Archives/edgar/data/1869246/000186924626000017/0001869246-26-000017-index.htm,False
4 - Coastlands Capital LP (0002068530) (Reporting),4,2026-07-16 21:08:32,0001104659-26-084300,0002068530,4 - Coastlands Capital LP (0002068530) (Reporting),,,https://www.sec.gov/Archives/edgar/data/2068530/000110465926084300,https://www.sec.gov/Archives/edgar/data/2068530/000110465926084300/0001104659-26-084300-index.htm,False
4 - McCurry Jennifer Lynn (0001860167) (Reporting),4,2026-07-16 21:08:00,0001860167-26-000006,0001860167,4 - McCurry Jennifer Lynn (0001860167) (Reporting),,,https://www.sec.gov/Archives/edgar/data/1860167/000186016726000006,https://www.sec.gov/Archives/edgar/data/1860167/000186016726000006/0001860167-26-000006-index.htm,False
4 - Wilbon Vicki Lundy (0002029478) (Reporting),4,2026-07-16 21:06:30,0002029478-26-000008,0002029478,4 - Wilbon Vicki Lundy (0002029478) (Reporting),,,https://www.sec.gov/Archives/edgar/data/2029478/000202947826000008,https://www.sec.gov/Archives/edgar/data/2029478/000202947826000008/0002029478-26-000008-index.htm,False
4 - Sherry David (0002045642) (Reporting),4,2026-07-16 21:06:25,0001638826-26-000077,0002045642,4 - Sherry David (0002045642) (Reporting),,,https://www.sec.gov/Archives/edgar/data/2045642/000163882626000077,https://www.sec.gov/Archives/edgar/data/2045642/000163882626000077/0001638826-26-000077-index.htm,False
4 - Brown Michael Jon (0001899922) (Reporting),4,2026-07-16 21:06:12,0001093557-26-000135,0001899922,4 - Brown Michael Jon (0001899922) (Reporting),,,https://www.sec.gov/Archives/edgar/data/1899922/000109355726000135,https://www.sec.gov/Archives/edgar/data/1899922/000109355726000135/0001093557-26-000135-index.htm,False
4 - TRENT TAMMY M (0001642221) (Reporting),4,2026-07-16 21:05:23,0000058492-26-000404,0001642221,4 - TRENT TAMMY M (0001642221) (Reporting),,,https://www.sec.gov/Archives/edgar/data/1642221/000005849226000404,https://www.sec.gov/Archives/edgar/data/1642221/000005849226000404/0000058492-26-000404-index.htm,False
4 - Wims Morris Leslie (0001908079) (Reporting),4,2026-07-16 21:04:20,0001628280-26-048504,0001908079,4 - Wims Morris Leslie (0001908079) (Reporting),,,https://www.sec.gov/Archives/edgar/data/1908079/000162828026048504,https://www.sec.gov/Archives/edgar/data/1908079/000162828026048504/0001628280-26-048504-index.htm,False
4 - IQVIA HOLDINGS INC. (0001478242) (Issuer),4,2026-07-16 21:03:47,0001628280-26-048503,0001478242,4 - IQVIA HOLDINGS INC. (0001478242) (Issuer),,,https://www.sec.gov/Archives/edgar/data/1478242/000162828026048503,https://www.sec.gov/Archives/edgar/data/1478242/000162828026048503/0001628280-26-048503-index.htm,False
4 - Fasano Jim (0001633043) (Reporting),4,2026-07-16 21:03:19,0001628280-26-048502,0001633043,4 - Fasano Jim (0001633043) (Reporting),,,https://www.sec.gov/Archives/edgar/data/1633043/000162828026048502,https://www.sec.gov/Archives/edgar/data/1633043/000162828026048502/0001628280-26-048502-index.htm,False
4 - SMITH ROBERT S JR (0001289899) (Reporting),4,2026-07-16 21:02:56,0000058492-26-000403,0001289899,4 - SMITH ROBERT S JR (0001289899) (Reporting),,,https://www.sec.gov/Archives/edgar/data/1289899/000005849226000403,https://www.sec.gov/Archives/edgar/data/1289899/000005849226000403/0000058492-26-000403-index.htm,False
4 - IQVIA HOLDINGS INC. (0001478242) (Issuer),4,2026-07-16 21:02:49,0001628280-26-048501,0001478242,4 - IQVIA HOLDINGS INC. (0001478242) (Issuer),,,https://www.sec.gov/Archives/edgar/data/1478242/000162828026048501,https://www.sec.gov/Archives/edgar/data/1478242/000162828026048501/0001628280-26-048501-index.htm,False
4 - BVF GP HOLDINGS LLC (0001803809) (Reporting),4,2026-07-16 21:02:46,0000921895-26-001823,0001803809,4 - BVF GP HOLDINGS LLC (0001803809) (Reporting),,,https://www.sec.gov/Archives/edgar/data/1803809/000092189526001823,https://www.sec.gov/Archives/edgar/data/1803809/000092189526001823/0000921895-26-001823-index.htm,False
4 - Lee Carol Young (0001945545) (Reporting),4,2026-07-16 21:02:27,0001945545-26-000005,0001945545,4 - Lee Carol Young (0001945545) (Reporting),,,https://www.sec.gov/Archives/edgar/data/1945545/000194554526000005,https://www.sec.gov/Archives/edgar/data/1945545/000194554526000005/0001945545-26-000005-index.htm,False
4 - ODAFFER LINDSEY NICOLE (0002042448) (Reporting),4,2026-07-16 21:00:59,0000058492-26-000402,0002042448,4 - ODAFFER LINDSEY NICOLE (0002042448) (Reporting),,,https://www.sec.gov/Archives/edgar/data/2042448/000005849226000402,https://www.sec.gov/Archives/edgar/data/2042448/000005849226000402/0000058492-26-000402-index.htm,False
4 - Bouda Christopher (0001876947) (Reporting),4,2026-07-16 21:00:57,0000313616-26-000159,0001876947,4 - Bouda Christopher (0001876947) (Reporting),,,https://www.sec.gov/Archives/edgar/data/1876947/000031361626000159,https://www.sec.gov/Archives/edgar/data/1876947/000031361626000159/0000313616-26-000159-index.htm,False
4 - FILLER LINDA (0001292810) (Reporting),4,2026-07-16 21:00:51,0000313616-26-000158,0001292810,4 - FILLER LINDA (0001292810) (Reporting),,,https://www.sec.gov/Archives/edgar/data/1292810/000031361626000158,https://www.sec.gov/Archives/edgar/data/1292810/000031361626000158/0000313616-26-000158-index.htm,False
"4 - AGNT, Inc. (0001495932) (Issuer)",4,2026-07-16 21:00:50,0001198741-26-000003,0001495932,"4 - AGNT, Inc. (0001495932) (Issuer)",,,https://www.sec.gov/Archives/edgar/data/1495932/000119874126000003,https://www.sec.gov/Archives/edgar/data/1495932/000119874126000003/0001198741-26-000003-index.htm,False
4 - Zerhouni Elias A. (0001478398) (Reporting),4,2026-07-16 21:00:45,0000313616-26-000157,0001478398,4 - Zerhouni Elias A. (0001478398) (Reporting),,,https://www.sec.gov/Archives/edgar/data/1478398/000031361626000157,https://www.sec.gov/Archives/edgar/data/1478398/000031361626000157/0000313616-26-000157-index.htm,False
4 - Guillemette Larry T (0001518209) (Reporting),4,2026-07-16 21:00:07,0001518209-26-000008,0001518209,4 - Guillemette Larry T (0001518209) (Reporting),,,https://www.sec.gov/Archives/edgar/data/1518209/000151820926000008,https://www.sec.gov/Archives/edgar/data/1518209/000151820926000008/0001518209-26-000008-index.htm,False
4 - Toy Andrew (0001838733) (Reporting),4,2026-07-16 20:59:19,0001801170-26-000179,0001838733,4 - Toy Andrew (0001838733) (Reporting),,,https://www.sec.gov/Archives/edgar/data/1838733/000180117026000179,https://www.sec.gov/Archives/edgar/data/1838733/000180117026000179/0001801170-26-000179-index.htm,False
4 - KLEIBOEKER RYAN MICHAEL (0001980775) (Reporting),4,2026-07-16 20:58:38,0000058492-26-000401,0001980775,4 - KLEIBOEKER RYAN MICHAEL (0001980775) (Reporting),,,https://www.sec.gov/Archives/edgar/data/1980775/000005849226000401,https://www.sec.gov/Archives/edgar/data/1980775/000005849226000401/0000058492-26-000401-index.htm,False
4 - Kelsey Todd P. (0001411282) (Reporting),4,2026-07-16 20:58:31,0001411282-26-000017,0001411282,4 - Kelsey Todd P. (0001411282) (Reporting),,,https://www.sec.gov/Archives/edgar/data/1411282/000141128226000017,https://www.sec.gov/Archives/edgar/data/1411282/000141128226000017/0001411282-26-000017-index.htm,False
"4 - STAG Industrial, Inc. (0001479094) (Issuer)",4,2026-07-16 20:57:00,0001185498-26-000008,0001479094,"4 - STAG Industrial, Inc. (0001479094) (Issuer)",,,https://www.sec.gov/Archives/edgar/data/1479094/000118549826000008,https://www.sec.gov/Archives/edgar/data/1479094/000118549826000008/0001185498-26-000008-index.htm,False
"4 - ServiceTitan, Inc. (0001638826) (Issuer)",4,2026-07-16 20:56:42,0001193125-26-306213,0001638826,"4 - ServiceTitan, Inc. (0001638826) (Issuer)",,,https://www.sec.gov/Archives/edgar/data/1638826/000119312526306213,https://www.sec.gov/Archives/edgar/data/1638826/000119312526306213/0001193125-26-306213-index.htm,False
4 - Tariq Musa (0001968281) (Reporting),4,2026-07-16 20:56:23,0001968281-26-000020,0001968281,4 - Tariq Musa (0001968281) (Reporting),,,https://www.sec.gov/Archives/edgar/data/1968281/000196828126000020,https://www.sec.gov/Archives/edgar/data/1968281/000196828126000020/0001968281-26-000020-index.htm,False
4 - Markels John (0001803424) (Reporting),4,2026-07-16 20:56:14,0001803424-26-000004,0001803424,4 - Markels John (0001803424) (Reporting),,,https://www.sec.gov/Archives/edgar/data/1803424/000180342426000004,https://www.sec.gov/Archives/edgar/data/1803424/000180342426000004/0001803424-26-000004-index.htm,False
4 - HAGALE JAMES TYSON (0001876463) (Reporting),4,2026-07-16 20:56:06,0000058492-26-000400,0001876463,4 - HAGALE JAMES TYSON (0001876463) (Reporting),,,https://www.sec.gov/Archives/edgar/data/1876463/000005849226000400,https://www.sec.gov/Archives/edgar/data/1876463/000005849226000400/0000058492-26-000400-index.htm,False
4 - Costanzo Brian J. (0001873434) (Reporting),4,2026-07-16 20:55:52,0001873434-26-000008,0001873434,4 - Costanzo Brian J. (0001873434) (Reporting),,,https://www.sec.gov/Archives/edgar/data/1873434/000187343426000008,https://www.sec.gov/Archives/edgar/data/1873434/000187343426000008/0001873434-26-000008-index.htm,False
4 - Crowley Andrew G. (0001926618) (Reporting),4,2026-07-16 20:55:29,0001926618-26-000008,0001926618,4 - Crowley Andrew G. (0001926618) (Reporting),,,https://www.sec.gov/Archives/edgar/data/1926618/000192661826000008,https://www.sec.gov/Archives/edgar/data/1926618/000192661826000008/0001926618-26-000008-index.htm,False
4 - Wai Conrad (0001971702) (Reporting),4,2026-07-16 20:55:24,0001801170-26-000178,0001971702,4 - Wai Conrad (0001971702) (Reporting),,,https://www.sec.gov/Archives/edgar/data/1971702/000180117026000178,https://www.sec.gov/Archives/edgar/data/1971702/000180117026000178/0001801170-26-000178-index.htm,False
4 - Larson Keith D (0002050857) (Reporting),4,2026-07-16 20:55:06,0002050857-26-000010,0002050857,4 - Larson Keith D (0002050857) (Reporting),,,https://www.sec.gov/Archives/edgar/data/2050857/000205085726000010,https://www.sec.gov/Archives/edgar/data/2050857/000205085726000010/0002050857-26-000010-index.htm,False
4 - Mercier Johanna (0001782135) (Reporting),4,2026-07-16 20:54:41,0001782135-26-000026,0001782135,4 - Mercier Johanna (0001782135) (Reporting),,,https://www.sec.gov/Archives/edgar/data/1782135/000178213526000026,https://www.sec.gov/Archives/edgar/data/1782135/000178213526000026/0001782135-26-000026-index.htm,False
4 - Maroney Dawn Christine (0001850397) (Reporting),4,2026-07-16 20:54:05,0001628280-26-048498,0001850397,4 - Maroney Dawn Christine (0001850397) (Reporting),,,https://www.sec.gov/Archives/edgar/data/1850397/000162828026048498,https://www.sec.gov/Archives/edgar/data/1850397/000162828026048498/0001628280-26-048498-index.htm,False
4 - GLASSMAN KARL G (0001166334) (Reporting),4,2026-07-16 20:54:03,0000058492-26-000399,0001166334,4 - GLASSMAN KARL G (0001166334) (Reporting),,,https://www.sec.gov/Archives/edgar/data/1166334/000005849226000399,https://www.sec.gov/Archives/edgar/data/1166334/000005849226000399/0000058492-26-000399-index.htm,False
4 - Steelberg Ryan (0001705446) (Reporting),4,2026-07-16 20:53:18,0001705446-26-000008,0001705446,4 - Steelberg Ryan (0001705446) (Reporting),,,https://www.sec.gov/Archives/edgar/data/1705446/000170544626000008,https://www.sec.gov/Archives/edgar/data/1705446/000170544626000008/0001705446-26-000008-index.htm,False
4 - Yu Simon (0002006500) (Reporting),4,2026-07-16 20:53:14,0000898432-26-000506,0002006500,4 - Yu Simon (0002006500) (Reporting),,,https://www.sec.gov/Archives/edgar/data/2006500/000089843226000506,https://www.sec.gov/Archives/edgar/data/2006500/000089843226000506/0000898432-26-000506-index.htm,False
"4 - Alpha Teknova, Inc. (0001850902) (Issuer)",4,2026-07-16 20:53:09,0001198230-26-000007,0001850902,"4 - Alpha Teknova, Inc. (0001850902) (Issuer)",,,https://www.sec.gov/Archives/edgar/data/1850902/000119823026000007,https://www.sec.gov/Archives/edgar/data/1850902/000119823026000007/0001198230-26-000007-index.htm,False
"4 - STAG Industrial, Inc. (0001479094) (Issuer)",4,2026-07-16 20:53:02,0001229305-26-000008,0001479094,"4 - STAG Industrial, Inc. (0001479094) (Issuer)",,,https://www.sec.gov/Archives/edgar/data/1479094/000122930526000008,https://www.sec.gov/Archives/edgar/data/1479094/000122930526000008/0001229305-26-000008-index.htm,False
4 - Thene Tony R (0001420435) (Reporting),4,2026-07-16 20:52:13,0001420435-26-000002,0001420435,4 - Thene Tony R (0001420435) (Reporting),,,https://www.sec.gov/Archives/edgar/data/1420435/000142043526000002,https://www.sec.gov/Archives/edgar/data/1420435/000142043526000002/0001420435-26-000002-index.htm,False
4 - DAVIS JENNIFER JOY (0002003773) (Reporting),4,2026-07-16 20:51:35,0000058492-26-000398,0002003773,4 - DAVIS JENNIFER JOY (0002003773) (Reporting),,,https://www.sec.gov/Archives/edgar/data/2003773/000005849226000398,https://www.sec.gov/Archives/edgar/data/2003773/000005849226000398/0000058492-26-000398-index.htm,False
4 - Webster Aaron (0001862209) (Reporting),4,2026-07-16 20:51:05,0001862209-26-000006,0001862209,4 - Webster Aaron (0001862209) (Reporting),,,https://www.sec.gov/Archives/edgar/data/1862209/000186220926000006,https://www.sec.gov/Archives/edgar/data/1862209/000186220926000006/0001862209-26-000006-index.htm,False
4 - Furber Jeffrey D. (0001504780) (Reporting),4,2026-07-16 20:50:11,0001504780-26-000008,0001504780,4 - Furber Jeffrey D. (0001504780) (Reporting),,,https://www.sec.gov/Archives/edgar/data/1504780/000150478026000008,https://www.sec.gov/Archives/edgar/data/1504780/000150478026000008/0001504780-26-000008-index.htm,False
4 - Reynoso Jamie L. (0001839066) (Reporting),4,2026-07-16 20:50:04,0001801170-26-000176,0001839066,4 - Reynoso Jamie L. (0001839066) (Reporting),,,https://www.sec.gov/Archives/edgar/data/1839066/000180117026000176,https://www.sec.gov/Archives/edgar/data/1839066/000180117026000176/0001801170-26-000176-index.htm,False
4 - SOCCI ELIZABETH A (0001752632) (Reporting),4,2026-07-16 20:50:02,0001752632-26-000002,0001752632,4 - SOCCI ELIZABETH A (0001752632) (Reporting),,,https://www.sec.gov/Archives/edgar/data/1752632/000175263226000002,https://www.sec.gov/Archives/edgar/data/1752632/000175263226000002/0001752632-26-000002-index.htm,False
4 - DIETRICH JOHN W (0001226022) (Reporting),4,2026-07-16 20:49:57,0001226022-26-000004,0001226022,4 - DIETRICH JOHN W (0001226022) (Reporting),,,https://www.sec.gov/Archives/edgar/data/1226022/000122602226000004,https://www.sec.gov/Archives/edgar/data/1226022/000122602226000004/0001226022-26-000004-index.htm,False
4 - Futch Aaron Michael (0002026814) (Reporting),4,2026-07-16 20:49:38,0001819810-26-000118,0002026814,4 - Futch Aaron Michael (0002026814) (Reporting),,,https://www.sec.gov/Archives/edgar/data/2026814/000181981026000118,https://www.sec.gov/Archives/edgar/data/2026814/000181981026000118/0001819810-26-000118-index.htm,False
4 - Cannito Peter Anthony Jr (0001877807) (Reporting),4,2026-07-16 20:48:01,0001819810-26-000117,0001877807,4 - Cannito Peter Anthony Jr (0001877807) (Reporting),,,https://www.sec.gov/Archives/edgar/data/1877807/000181981026000117,https://www.sec.gov/Archives/edgar/data/1877807/000181981026000117/0001819810-26-000117-index.htm,False
4 - Yang Jenny (0002144283) (Reporting),4,2026-07-16 20:47:22,0000898432-26-000502,0002144283,4 - Yang Jenny (0002144283) (Reporting),,,https://www.sec.gov/Archives/edgar/data/2144283/000089843226000502,https://www.sec.gov/Archives/edgar/data/2144283/000089843226000502/0000898432-26-000502-index.htm,False
4 - Jacoby Francis X III (0001517991) (Reporting),4,2026-07-16 20:47:16,0001517991-26-000008,0001517991,4 - Jacoby Francis X III (0001517991) (Reporting),,,https://www.sec.gov/Archives/edgar/data/1517991/000151799126000008,https://www.sec.gov/Archives/edgar/data/1517991/000151799126000008/0001517991-26-000008-index.htm,False
4 - Malloy Brian J (0001756183) (Reporting),4,2026-07-16 20:47:15,0001756183-26-000002,0001756183,4 - Malloy Brian J (0001756183) (Reporting),,,https://www.sec.gov/Archives/edgar/data/1756183/000175618326000002,https://www.sec.gov/Archives/edgar/data/1756183/000175618326000002/0001756183-26-000002-index.htm,False
"4/A - FedEx Freight Holding Company, Inc. (0002082247) (Issuer)",4/A,2026-07-16 20:47:02,0001628280-26-048491,0002082247,"4/A - FedEx Freight Holding Company, Inc. (0002082247) (Issuer)",,,https://www.sec.gov/Archives/edgar/data/2082247/000162828026048491,https://www.sec.gov/Archives/edgar/data/2082247/000162828026048491/0001628280-26-048491-index.htm,True
4 - Trend International Holding AG (0002040467) (Reporting),4,2026-07-16 20:46:50,0001321614-26-000007,0002040467,4 - Trend International Holding AG (0002040467) (Reporting),,,https://www.sec.gov/Archives/edgar/data/2040467/000132161426000007,https://www.sec.gov/Archives/edgar/data/2040467/000132161426000007/0001321614-26-000007-index.htm,False
4 - Niri Sagi (0001980194) (Reporting),4,2026-07-16 20:46:11,0001178913-26-003512,0001980194,4 - Niri Sagi (0001980194) (Reporting),,,https://www.sec.gov/Archives/edgar/data/1980194/000117891326003512,https://www.sec.gov/Archives/edgar/data/1980194/000117891326003512/0001178913-26-003512-index.htm,False
4 - Hoge Stephen (0001760669) (Reporting),4,2026-07-16 20:45:38,0001682852-26-000141,0001760669,4 - Hoge Stephen (0001760669) (Reporting),,,https://www.sec.gov/Archives/edgar/data/1760669/000168285226000141,https://www.sec.gov/Archives/edgar/data/1760669/000168285226000141/0001682852-26-000141-index.htm,False
4 - Conwill Daniel O. IV (0001569214) (Reporting),4,2026-07-16 20:45:18,0001104659-26-084284,0001569214,4 - Conwill Daniel O. IV (0001569214) (Reporting),,,https://www.sec.gov/Archives/edgar/data/1569214/000110465926084284,https://www.sec.gov/Archives/edgar/data/1569214/000110465926084284/0001104659-26-084284-index.htm,False
4 - Primo Brands Corp (0002042694) (Issuer),4,2026-07-16 20:45:15,0001493152-26-033554,0002042694,4 - Primo Brands Corp (0002042694) (Issuer),,,https://www.sec.gov/Archives/edgar/data/2042694/000149315226033554,https://www.sec.gov/Archives/edgar/data/2042694/000149315226033554/0001493152-26-033554-index.htm,False
4 - Gold Michael N. (0002116589) (Reporting),4,2026-07-16 20:45:14,0001819810-26-000116,0002116589,4 - Gold Michael N. (0002116589) (Reporting),,,https://www.sec.gov/Archives/edgar/data/2116589/000181981026000116,https://www.sec.gov/Archives/edgar/data/2116589/000181981026000116/0001819810-26-000116-index.htm,False
4 - Soares Karen (0001999086) (Reporting),4,2026-07-16 20:44:49,0001801170-26-000175,0001999086,4 - Soares Karen (0001999086) (Reporting),,,https://www.sec.gov/Archives/edgar/data/1999086/000180117026000175,https://www.sec.gov/Archives/edgar/data/1999086/000180117026000175/0001801170-26-000175-index.htm,False
4 - LAIN TIMOTHY (0001579848) (Reporting),4,2026-07-16 20:44:11,0001579848-26-000002,0001579848,4 - LAIN TIMOTHY (0001579848) (Reporting),,,https://www.sec.gov/Archives/edgar/data/1579848/000157984826000002,https://www.sec.gov/Archives/edgar/data/1579848/000157984826000002/0001579848-26-000002-index.htm,False
4 - Hansen Kent A (0001686017) (Reporting),4,2026-07-16 20:44:02,0001072627-26-000046,0001686017,4 - Hansen Kent A (0001686017) (Reporting),,,https://www.sec.gov/Archives/edgar/data/1686017/000107262726000046,https://www.sec.gov/Archives/edgar/data/1686017/000107262726000046/0001072627-26-000046-index.htm,False
"4 - GRAIL, Inc. (0001699031) (Issuer)",4,2026-07-16 20:43:59,0001628280-26-048488,0001699031,"4 - GRAIL, Inc. (0001699031) (Issuer)",,,https://www.sec.gov/Archives/edgar/data/1699031/000162828026048488,https://www.sec.gov/Archives/edgar/data/1699031/000162828026048488/0001628280-26-048488-index.htm,False
"4 - GRAIL, Inc. (0001699031) (Issuer)",4,2026-07-16 20:43:51,0001628280-26-048487,0001699031,"4 - GRAIL, Inc. (0001699031) (Issuer)",,,https://www.sec.gov/Archives/edgar/data/1699031/000162828026048487,https://www.sec.gov/Archives/edgar/data/1699031/000162828026048487/0001628280-26-048487-index.htm,False
"4 - GRAIL, Inc. (0001699031) (Issuer)",4,2026-07-16 20:43:39,0001628280-26-048486,0001699031,"4 - GRAIL, Inc. (0001699031) (Issuer)",,,https://www.sec.gov/Archives/edgar/data/1699031/000162828026048486,https://www.sec.gov/Archives/edgar/data/1699031/000162828026048486/0001628280-26-048486-index.htm,False
4 - W&T OFFSHORE INC (0001288403) (Issuer),4,2026-07-16 20:43:35,0001104659-26-084282,0001288403,4 - W&T OFFSHORE INC (0001288403) (Issuer),,,https://www.sec.gov/Archives/edgar/data/1288403/000110465926084282,https://www.sec.gov/Archives/edgar/data/1288403/000110465926084282/0001104659-26-084282-index.htm,False
4 - Bennett Kelvin Eugene (0001835885) (Reporting),4,2026-07-16 20:43:30,0001835885-26-000011,0001835885,4 - Bennett Kelvin Eugene (0001835885) (Reporting),,,https://www.sec.gov/Archives/edgar/data/1835885/000183588526000011,https://www.sec.gov/Archives/edgar/data/1835885/000183588526000011/0001835885-26-000011-index.htm,False
4 - Hansotia Eric P (0001581064) (Reporting),4,2026-07-16 20:43:22,0001581064-26-000013,0001581064,4 - Hansotia Eric P (0001581064) (Reporting),,,https://www.sec.gov/Archives/edgar/data/1581064/000158106426000013,https://www.sec.gov/Archives/edgar/data/1581064/000158106426000013/0001581064-26-000013-index.htm,False
4 - Harris Ivory Marie (0001864808) (Reporting),4,2026-07-16 20:43:14,0001864808-26-000008,0001864808,4 - Harris Ivory Marie (0001864808) (Reporting),,,https://www.sec.gov/Archives/edgar/data/1864808/000186480826000008,https://www.sec.gov/Archives/edgar/data/1864808/000186480826000008/0001864808-26-000008-index.htm,False
4 - Fitzgerald John Taylor Maloney (0001584349) (Reporting),4,2026-07-16 20:43:10,0001072627-26-000045,0001584349,4 - Fitzgerald John Taylor Maloney (0001584349) (Reporting),,,https://www.sec.gov/Archives/edgar/data/1584349/000107262726000045,https://www.sec.gov/Archives/edgar/data/1584349/000107262726000045/0001072627-26-000045-index.htm,False
"4 - STAG Industrial, Inc. (0001479094) (Issuer)",4,2026-07-16 20:43:08,0001189309-26-000014,0001479094,"4 - STAG Industrial, Inc. (0001479094) (Issuer)",,,https://www.sec.gov/Archives/edgar/data/1479094/000118930926000014,https://www.sec.gov/Archives/edgar/data/1479094/000118930926000014/0001189309-26-000014-index.htm,False
4 - Audia Damon J (0001452301) (Reporting),4,2026-07-16 20:43:05,0001452301-26-000012,0001452301,4 - Audia Damon J (0001452301) (Reporting),,,https://www.sec.gov/Archives/edgar/data/1452301/000145230126000012,https://www.sec.gov/Archives/edgar/data/1452301/000145230126000012/0001452301-26-000012-index.htm,False
4 - Sorbe Brian James (0002083449) (Reporting),4,2026-07-16 20:42:58,0002083449-26-000004,0002083449,4 - Sorbe Brian James (0002083449) (Reporting),,,https://www.sec.gov/Archives/edgar/data/2083449/000208344926000004,https://www.sec.gov/Archives/edgar/data/2083449/000208344926000004/0002083449-26-000004-index.htm,False
